City_ID,City,Country,Date,Lat,Lng,Max Temp,Humidity,Cloudiness,Wind Speed
0,Cape Town,ZA,2024-01-09 14:37:12,-33.9258,18.4232,79.21,72,20,20.71
1,Abomey-Calavi,BJ,2024-01-09 14:37:59,6.4485,2.3557,89.46,66,20,9.22
2,Bluff,NZ,2024-01-09 14:37:59,-46.6,168.3333,52.81,85,100,12.59
3,Mataura,NZ,2024-01-09 14:37:59,-46.1927,168.8643,52.48,91,100,5.5
4,Hilo,US,2024-01-09 14:37:59,19.7297,-155.09,74.93,84,0,12.66
5,Hohhot,CN,2024-01-09 14:37:59,40.8106,111.6522,1.69,85,0,4.47
6,Pangnirtung,CA,2024-01-09 14:37:59,66.1451,-65.7125,-11.2,77,75,4.61
7,Nanortalik,GL,2024-01-09 14:37:59,60.1432,-45.2371,34.63,97,94,9.64
8,Luxor,EG,2024-01-09 14:37:59,25.6989,32.6421,76.59,18,100,11.21
9,San Carlos De Bariloche,AR,2024-01-09 14:38:00,-41.1456,-71.3082,55.15,44,20,23.02
10,Rikitea,PF,2024-01-09 14:38:00,-23.1203,-134.9692,77.47,82,100,6.08
11,Champerico,GT,2024-01-09 14:38:00,14.3,-91.9167,75.74,62,3,5.97
12,Bredasdorp,ZA,2024-01-09 14:38:00,-34.5322,20.0403,70.72,69,100,15.88
13,Souillac,MU,2024-01-09 14:38:00,-20.5167,57.5167,84.58,70,40,3.44
14,New Norfolk,AU,2024-01-09 14:38:00,-42.7826,147.0587,58.5,89,100,1.86
15,Longyearbyen,SJ,2024-01-09 14:38:00,78.2186,15.6401,6.64,72,92,16.11
16,Hermanus,ZA,2024-01-09 14:38:00,-34.4187,19.2345,70.74,72,100,20.49
17,Tiksi,RU,2024-01-09 14:38:00,71.6872,128.8694,-26.82,98,100,13.67
18,Kudahuvadhoo,MV,2024-01-09 14:38:01,2.6708,72.8944,82.18,80,42,16.35
19,Kutum,SD,2024-01-09 14:38:01,14.2,24.6667,79.7,11,11,4.14
20,Lagoa,PT,2024-01-09 14:38:01,39.05,-27.9833,62.15,82,100,35.63
21,Jumla,NP,2024-01-09 14:38:01,29.2747,82.1838,35.73,39,0,4.97
22,Puerto Ayora,EC,2024-01-09 14:38:01,-0.7393,-90.3518,80.56,95,62,5.99
23,Ardabil,IR,2024-01-09 14:38:01,38.2498,48.2933,49.55,37,0,13.8
24,Saint-Georges,GD,2024-01-09 14:34:52,12.0564,-61.7485,85.68,74,20,16.11
25,Paita,PE,2024-01-09 14:38:01,-5.0892,-81.1144,77.41,66,19,11.07
26,Flin Flon,CA,2024-01-09 14:38:01,54.7682,-101.865,-4.16,77,100,3.44
27,Torbay,CA,2024-01-09 14:38:02,47.6666,-52.7314,24.39,80,75,19.57
28,Victoria,HK,2024-01-09 14:38:02,22.2855,114.1577,71.65,84,61,4.0
29,Cherskiy,RU,2024-01-09 14:38:02,68.75,161.3,-21.23,98,100,6.76
30,Chokurdakh,RU,2024-01-09 14:38:02,70.6333,147.9167,-34.49,97,93,8.1
31,Cabo San Lucas,MX,2024-01-09 14:38:00,22.8909,-109.9124,60.62,63,98,1.59
32,Vaini,TO,2024-01-09 14:38:02,-21.2,-175.2,77.16,100,20,6.91
33,Kavieng,PG,2024-01-09 14:38:02,-2.5744,150.7967,82.04,79,73,6.49
34,Mana,GF,2024-01-09 14:38:02,5.6592,-53.7767,83.43,72,99,11.05
35,Ribeira Grande,PT,2024-01-09 14:38:02,38.5167,-28.7,64.8,82,75,28.01
36,Ushuaia,AR,2024-01-09 14:34:22,-54.8,-68.3,44.22,75,75,27.63
37,Iberia,US,2024-01-09 14:38:02,29.9502,-91.7507,46.4,57,0,19.57
38,Busselton,AU,2024-01-09 14:38:02,-33.65,115.3333,59.45,75,0,15.59
39,Patos De Minas,BR,2024-01-09 14:38:03,-18.5789,-46.5181,70.23,89,100,5.37
40,Hegra,NO,2024-01-09 14:38:03,63.4644,11.114,39.83,93,75,18.41
41,Vila Velha,BR,2024-01-09 14:38:03,-20.3297,-40.2925,91.35,68,40,10.36
42,Upernavik,GL,2024-01-09 14:38:03,72.7868,-56.1549,-15.9,93,94,7.11
43,Zavyalovo,RU,2024-01-09 14:38:03,54.5053,82.4484,-4.88,91,96,16.8
44,Opelousas,US,2024-01-09 14:38:03,30.5335,-92.0815,45.88,63,0,16.11
45,Hobart,AU,2024-01-09 14:33:51,-42.8794,147.3294,58.86,86,100,5.75
46,Cortez,US,2024-01-09 14:39:03,37.3489,-108.5859,11.03,78,0,8.05
47,Punta Arenas,CL,2024-01-09 14:39:03,-53.15,-70.9167,44.71,61,75,28.77
48,Butaritari,KI,2024-01-09 14:39:03,3.0707,172.7902,82.45,79,68,14.14
49,Bonthe,SL,2024-01-09 14:39:03,7.5264,-12.505,87.91,60,89,12.64
50,Lexington,US,2024-01-09 14:36:05,37.9887,-84.4777,50.34,89,100,10.36
51,Gilgit,PK,2024-01-09 14:39:04,35.9221,74.3087,39.0,45,0,1.97
52,Mar Del Plata,AR,2024-01-09 14:39:04,-38.0023,-57.5575,80.53,64,0,14.0
53,Oranjestad,AW,2024-01-09 14:39:04,12.524,-70.027,83.91,80,75,18.41
54,Chickasha,US,2024-01-09 14:39:04,35.0526,-97.9364,30.36,69,100,18.41
55,Dikson,RU,2024-01-09 14:39:04,73.5069,80.5464,-7.29,98,100,10.0
56,Lompoc,US,2024-01-09 14:39:04,34.6391,-120.4579,47.93,63,0,7.0
57,Palora,EC,2024-01-09 14:39:04,-1.7,-77.9333,71.71,97,100,1.25
58,Port Alfred,ZA,2024-01-09 14:39:04,-33.5906,26.891,75.18,84,77,7.0
59,Atuona,PF,2024-01-09 14:39:04,-9.8,-139.0333,80.38,69,10,17.56
60,Wakkanai,JP,2024-01-09 14:39:04,45.4094,141.6739,21.09,86,100,5.01
61,Geraldton,AU,2024-01-09 14:39:04,-28.7667,114.6,70.21,83,40,17.27
62,Ponta Do Sol,PT,2024-01-09 14:39:04,32.6667,-17.1,70.12,82,56,3.96
63,Bambous Virieux,MU,2024-01-09 14:39:05,-20.3428,57.7575,84.45,70,40,3.44
64,Kapaa,US,2024-01-09 14:39:05,22.0752,-159.319,70.12,81,40,5.75
65,Vardo,NO,2024-01-09 14:39:05,70.3705,31.1107,21.18,79,0,5.75
66,Fortuna,US,2024-01-09 14:39:05,40.5982,-124.1573,50.34,96,100,1.99
67,Lasa,IT,2024-01-09 14:39:05,46.6166,10.7002,38.03,95,93,3.69
68,Luganville,VU,2024-01-09 14:39:05,-15.5333,167.1667,79.12,86,34,1.32
69,Fuzhou,CN,2024-01-09 14:39:05,26.0614,119.3061,55.29,95,7,2.17
70,Albany,US,2024-01-09 14:39:05,42.6001,-73.9662,32.95,91,100,1.99
71,Rafraf,TN,2024-01-09 14:39:05,37.1904,10.1837,52.11,56,35,17.98
72,Constitucion,CL,2024-01-09 14:39:05,-35.3333,-72.4167,67.17,51,60,11.83
73,Antofagasta,CL,2024-01-09 14:38:57,-23.65,-70.4,72.68,65,18,8.21
74,Najran,SA,2024-01-09 14:38:13,17.4924,44.1277,68.65,20,0,9.37
75,Porto Novo,BJ,2024-01-09 14:39:05,6.4965,2.6036,89.42,52,6,11.7
76,Asau,RO,2024-01-09 14:39:06,46.4333,26.4,13.12,88,56,3.89
77,Vila Do Maio,CV,2024-01-09 14:39:06,15.1333,-23.2167,81.39,68,100,13.65
78,Lata,PT,2024-01-09 14:39:06,40.1629,-8.3327,52.07,82,100,2.35
79,San Jose,US,2024-01-09 14:35:09,37.3394,-121.895,49.82,82,75,5.75
80,Qaanaaq,GL,2024-01-09 14:38:54,77.484,-69.3632,-18.74,69,1,7.65
81,Thompson,CA,2024-01-09 14:39:06,55.7435,-97.8558,-32.64,68,20,3.44
82,Port Elizabeth,ZA,2024-01-09 14:37:01,-33.918,25.5701,76.32,77,40,12.66
83,Evensk,RU,2024-01-09 14:34:08,61.95,159.2333,-11.4,92,100,4.7
84,Klyuchi,RU,2024-01-09 14:39:06,52.2667,79.1667,-4.7,96,55,5.73
85,Aswan,EG,2024-01-09 14:39:06,24.0934,32.907,80.51,32,100,5.73
86,Nago,JP,2024-01-09 14:39:06,26.5881,127.9761,63.03,82,67,6.02
87,Srednekolymsk,RU,2024-01-09 14:39:06,67.45,153.6833,-22.05,94,100,8.46
88,College,US,2024-01-09 14:39:06,64.8569,-147.8028,8.92,81,100,3.44
89,Khatanga,RU,2024-01-09 14:39:06,71.9667,102.5,-30.17,92,5,5.99
90,Masty,BY,2024-01-09 14:39:07,53.4122,24.5387,23.05,92,100,11.12
91,Yellowknife,CA,2024-01-09 14:39:07,62.456,-114.3525,-32.58,74,0,8.05
92,Eyl,SO,2024-01-09 14:39:07,7.9803,49.8164,77.68,69,5,26.57
93,Zandvoort,NL,2024-01-09 14:39:07,52.3749,4.5341,32.95,49,0,16.11
94,Gushikawa,JP,2024-01-09 14:40:07,26.3544,127.8686,63.63,88,75,4.61
95,Kavaratti,IN,2024-01-09 14:40:07,10.5669,72.642,82.69,75,100,7.27
96,Chilca,PE,2024-01-09 14:40:07,-12.5211,-76.7372,72.99,85,100,4.14
97,Arraial Do Cabo,BR,2024-01-09 14:40:07,-22.9661,-42.0278,94.96,55,0,10.36
98,Craig,US,2024-01-09 14:40:07,40.5153,-107.5464,6.42,84,100,3.44
99,Varkaus,FI,2024-01-09 14:40:07,62.3153,27.873,34.3,95,98,11.39
100,Lufilufi,WS,2024-01-09 14:40:07,-13.8745,-171.5986,77.79,79,47,6.85
101,Yamada,JP,2024-01-09 14:40:08,39.4667,141.95,35.26,83,22,6.08
102,Cidreira,BR,2024-01-09 14:40:08,-30.1811,-50.2056,77.97,75,32,9.62
103,Malindi,KE,2024-01-09 14:40:08,-3.2175,40.1191,84.36,70,75,18.41
104,Nalbari,IN,2024-01-09 14:40:08,26.4456,91.4354,60.78,50,0,1.77
105,Paracuru,BR,2024-01-09 14:40:08,-3.41,-39.0306,85.1,56,43,13.31
106,Trinidad,BO,2024-01-09 14:40:08,-14.8333,-64.9,87.78,70,43,13.8
107,Nome,US,2024-01-09 14:40:08,64.5011,-165.4064,24.87,93,100,0.0
108,Tasiilaq,GL,2024-01-09 14:40:08,65.6145,-37.6368,39.36,98,100,13.4
109,Gao,ML,2024-01-09 14:40:08,16.6362,1.637,89.87,7,39,9.89
110,Kodiak,US,2024-01-09 14:40:08,57.79,-152.4072,31.51,74,0,10.36
111,Lake Havasu City,US,2024-01-09 14:40:08,34.4839,-114.3224,37.22,46,0,3.44
112,Naraina,IN,2024-01-09 14:40:09,26.7833,75.2,55.85,42,0,9.17
113,Hamilton,US,2024-01-09 14:40:09,39.1834,-84.5333,45.93,95,100,18.41
114,Hasaki,JP,2024-01-09 14:40:09,35.7333,140.8333,32.4,47,0,8.28
115,Prince Rupert,CA,2024-01-09 14:40:09,54.3161,-130.3201,38.89,80,100,29.93
116,Dalvik,IS,2024-01-09 14:40:09,65.9702,-18.5286,46.33,81,86,17.05
117,Vao,NC,2024-01-09 14:40:09,-22.6667,167.4833,77.97,79,91,3.38
118,Iqaluit,CA,2024-01-09 14:40:09,63.7506,-68.5145,-14.31,62,75,18.41
119,Sao Felix Do Xingu,BR,2024-01-09 14:40:09,-6.6447,-51.995,89.15,55,100,3.87
120,Nikolskoye,RU,2024-01-09 14:40:09,59.7035,30.7861,34.02,97,100,13.73
121,Arlit,NE,2024-01-09 14:40:09,18.7369,7.3853,88.75,7,6,3.2
122,Dryden,CA,2024-01-09 14:40:09,49.7833,-92.7503,12.49,92,100,3.44
123,Nan,TH,2024-01-09 14:40:10,18.8333,100.6667,71.26,62,5,0.54
124,Jamestown,US,2024-01-09 14:40:10,42.097,-79.2353,36.99,99,100,18.41
125,Talnakh,RU,2024-01-09 14:40:10,69.4865,88.3972,-0.8,80,100,3.44
126,Merauke,ID,2024-01-09 14:40:10,-8.4667,140.3333,82.06,82,99,7.52
127,Glace Bay,CA,2024-01-09 14:40:10,46.1969,-59.957,28.98,72,75,20.71
128,Saskylakh,RU,2024-01-09 14:40:10,71.9167,114.0833,-36.04,100,67,3.6
129,Husavik,IS,2024-01-09 14:40:10,66.0449,-17.3389,36.88,80,38,17.07
130,Sovetskiy,RU,2024-01-09 14:40:10,61.3614,63.5842,0.9,94,96,8.01
131,Portland,US,2024-01-09 14:39:16,45.5234,-122.6762,45.81,91,100,10.0
132,Oistins,BB,2024-01-09 14:40:10,13.0667,-59.5333,82.49,78,40,20.71
133,West Bay,KY,2024-01-09 14:40:10,19.3667,-81.4167,84.27,74,20,14.97
134,Sao Filipe,CV,2024-01-09 14:40:10,14.8961,-24.4956,75.49,67,100,9.95
135,Ocala,US,2024-01-09 14:40:11,29.1872,-82.1401,73.18,83,100,9.22
136,Meadow Lake,US,2024-01-09 14:40:11,34.8014,-106.5436,24.67,48,0,7.96
137,Guozhen,CN,2024-01-09 14:40:11,34.3659,107.359,41.31,44,3,1.77
138,Avarua,CK,2024-01-09 14:40:11,-21.2078,-159.775,77.05,88,75,12.66
139,Praia,CV,2024-01-09 14:39:34,14.9215,-23.5087,81.14,50,100,18.41
140,Isangel,VU,2024-01-09 14:40:11,-19.55,169.2667,78.96,84,0,8.21
141,Netivot,IL,2024-01-09 14:41:11,31.4222,34.5886,59.38,45,0,8.68
142,Erenhot,CN,2024-01-09 14:41:11,43.6475,111.9767,8.89,81,4,10.36
143,Bengkulu,ID,2024-01-09 14:41:11,-3.8004,102.2655,77.22,92,100,6.15
144,Klaksvik,FO,2024-01-09 14:36:33,62.2266,-6.589,45.52,69,21,7.14
145,The Valley,AI,2024-01-09 14:41:11,18.217,-63.0578,82.81,69,40,16.11
146,Conceicao Do Araguaia,BR,2024-01-09 14:41:11,-8.2578,-49.2647,88.16,56,100,3.83
147,Honningsvag,NO,2024-01-09 14:41:12,70.9821,25.9704,28.15,93,75,13.8
148,Bethel,US,2024-01-09 14:41:12,41.3712,-73.414,35.78,82,0,0.0
149,Carnarvon,AU,2024-01-09 14:41:12,-24.8667,113.6333,74.43,73,0,21.25
150,Slave Lake,CA,2024-01-09 14:41:12,55.2834,-114.769,-0.42,78,100,12.66
151,Mount Isa,AU,2024-01-09 14:41:12,-20.7333,139.5,82.17,83,100,2.3
152,Ayan,RU,2024-01-09 14:41:12,56.45,138.1667,-16.69,77,10,8.08
153,Tatawin,TN,2024-01-09 14:41:12,32.9297,10.4518,55.8,32,56,5.5
154,El Tigre,VE,2024-01-09 14:41:12,8.8875,-64.2454,86.16,51,99,13.38
155,Los Llanos De Aridane,ES,2024-01-09 14:38:31,28.6585,-17.9182,69.55,85,20,5.99
156,Roald,NO,2024-01-09 14:41:12,62.5833,6.1333,42.75,93,75,9.22
157,Edd,ER,2024-01-09 14:41:12,13.9297,41.6925,82.44,55,10,24.14
158,Komsomolskiy,UZ,2024-01-09 14:41:13,40.4272,71.7189,41.72,87,100,0.0
159,Brae,GB,2024-01-09 14:41:13,60.3964,-1.353,43.45,72,100,6.04
160,Rosarito,MX,2024-01-09 14:41:13,32.3333,-117.0333,45.66,23,0,4.12
161,Sabang,ID,2024-01-09 14:41:13,5.8933,95.3214,81.73,79,94,16.04
162,Pisco,PE,2024-01-09 14:41:13,-13.7,-76.2167,75.02,83,0,5.75
163,Las Varas,MX,2024-01-09 14:41:13,21.1667,-105.1667,58.48,77,91,4.47
164,Linhares,BR,2024-01-09 14:41:13,-19.3911,-40.0722,90.27,54,53,6.44
165,Caravelas,BR,2024-01-09 14:41:13,-17.7125,-39.2481,87.67,60,99,9.82
166,Leningradskiy,RU,2024-01-09 14:41:13,69.3833,178.4167,-3.93,98,100,5.37
167,Roccastrada,IT,2024-01-09 14:41:13,43.0099,11.1665,48.4,62,7,9.98
168,San Lazaro,BZ,2024-01-09 14:41:13,18.0387,-88.6622,80.38,82,45,7.16
169,Margate,GB,2024-01-09 14:41:13,51.3813,1.3862,38.89,73,0,4.0
170,Utete,TZ,2024-01-09 14:41:14,-7.986,38.758,80.33,93,74,3.04
171,Lake Cowichan,CA,2024-01-09 14:41:14,48.825,-124.0546,42.58,99,100,16.22
172,East London,ZA,2024-01-09 14:39:09,-33.0153,27.9116,74.34,83,75,13.8
173,Saint-Philippe,RE,2024-01-09 14:41:14,-21.3585,55.7679,81.99,84,64,13.65
174,Atar,MR,2024-01-09 14:41:14,20.5169,-13.0499,86.5,7,80,8.16
175,Mitsamiouli,KM,2024-01-09 14:41:14,-11.3847,43.2844,82.42,74,83,4.65
176,Esperance,AU,2024-01-09 14:41:14,-33.8667,121.9,64.58,88,56,13.51
177,Kattivakkam,IN,2024-01-09 14:41:14,13.2167,80.3167,80.69,77,100,11.65
178,Saldanha,ZA,2024-01-09 14:41:14,-33.0117,17.9442,84.25,83,100,27.78
179,Namibe,AO,2024-01-09 14:41:14,-15.1961,12.1522,77.68,73,91,10.47
180,Palu,ID,2024-01-09 14:41:14,-0.8917,119.8707,76.55,97,100,1.57
181,Lahij,YE,2024-01-09 14:41:15,13.1667,44.5833,71.44,37,1,8.52
182,Codrington,AU,2024-01-09 14:41:15,-38.2667,141.9667,59.49,94,41,4.21
183,Samarai,PG,2024-01-09 14:41:15,-10.6167,150.6667,82.09,77,62,2.3
184,Tukrah,LY,2024-01-09 14:41:15,32.5341,20.5791,60.12,75,96,21.5
185,Laguna,US,2024-01-09 14:41:15,38.421,-121.4238,49.17,75,100,8.05
186,Jalu,LY,2024-01-09 14:42:15,29.0331,21.5482,61.72,21,0,14.43
187,Port Hardy,CA,2024-01-09 14:42:15,50.6996,-127.4199,41.0,93,75,9.22
188,Mayo,US,2024-01-09 14:42:15,38.8876,-76.5119,44.96,87,100,17.27
189,Barrow,US,2024-01-09 14:42:15,71.2906,-156.7887,-4.59,99,68,17.13
190,Kumo,NG,2024-01-09 14:42:15,10.0447,11.2122,93.69,7,1,6.24
191,Pecos,US,2024-01-09 14:42:16,31.4229,-103.4932,37.24,50,0,0.0
192,Tabas,IR,2024-01-09 14:42:16,33.5959,56.9244,55.62,26,51,4.61
193,Kodinsk,RU,2024-01-09 14:42:16,58.6881,99.1844,10.6,86,100,10.69
194,Rio Gallegos,AR,2024-01-09 14:38:00,-51.6226,-69.2181,51.85,37,40,31.07
195,Marsa Matruh,EG,2024-01-09 14:42:16,31.3525,27.2453,66.4,30,0,16.11
196,Flagstaff,US,2024-01-09 14:42:16,35.1981,-111.6513,17.26,71,0,0.0
197,Saint-Francois,FR,2024-01-09 14:42:16,46.4154,3.9054,31.44,81,100,2.3
198,Port Blair,IN,2024-01-09 14:42:16,11.6667,92.75,82.44,74,40,10.36
199,Severo-Kurilsk,RU,2024-01-09 14:42:16,50.6789,156.125,23.47,61,95,17.52
200,Harrison,US,2024-01-09 14:42:16,30.4091,-89.0436,53.67,86,100,13.8
201,Hithadhoo,MV,2024-01-09 14:42:16,-0.6,73.0833,82.11,76,10,4.54
202,Tocache,PE,2024-01-09 14:42:17,-8.1842,-76.5125,80.56,76,99,0.65
203,San Rafael,AR,2024-01-09 14:40:32,-34.6177,-68.3301,82.22,32,22,10.45
204,Nakamura,JP,2024-01-09 14:42:17,32.9833,132.9333,40.37,73,11,2.71
205,San Lorenzo De El Escorial,ES,2024-01-09 14:42:17,40.5914,-4.1474,41.43,87,100,2.75
206,Georgetown,MY,2024-01-09 14:42:17,5.4112,100.3354,80.53,89,20,3.44
207,Castro,BR,2024-01-09 14:42:17,-24.7911,-50.0119,88.47,40,8,6.85
208,Port Lincoln,AU,2024-01-09 14:42:17,-34.7333,135.8667,60.78,86,12,7.38
209,Lumsden,CA,2024-01-09 14:42:17,50.6501,-104.8678,-10.25,94,54,7.02
210,Bellefontaine,US,2024-01-09 14:42:17,40.3612,-83.7597,39.13,93,100,20.71
211,Usinsk,RU,2024-01-09 14:42:17,65.9939,57.5281,-23.84,100,93,6.06
212,Guerrero Negro,MX,2024-01-09 14:42:17,27.9769,-114.0611,50.2,40,73,4.03
213,Imbituba,BR,2024-01-09 14:42:18,-28.24,-48.6703,89.85,72,90,7.27
214,Gobabis,NA,2024-01-09 14:42:18,-22.45,18.9667,84.65,33,100,16.06
215,Praia Da Vitoria,PT,2024-01-09 14:42:18,38.7333,-27.0667,64.76,77,20,29.82
216,Shawville,CA,2024-01-09 14:42:18,45.6001,-76.4827,24.76,92,100,13.82
217,Pocone,BR,2024-01-09 14:42:18,-16.2567,-56.6228,97.66,39,54,6.62
218,Uruzgan,AF,2024-01-09 14:42:18,32.8333,66.0,40.17,43,29,2.06
219,Krasnoselkup,RU,2024-01-09 14:42:18,65.7,82.4667,-3.82,94,100,15.01
220,Voh,NC,2024-01-09 14:42:18,-20.9667,164.7,75.27,87,8,2.39
221,Longview,US,2024-01-09 14:42:18,32.5007,-94.7405,37.35,60,100,17.27
222,Tecoanapa,MX,2024-01-09 14:42:18,16.5167,-98.75,76.44,67,100,2.28
223,Galesong,ID,2024-01-09 14:42:18,-5.3166,119.3661,78.82,80,100,5.97
224,Chunoyar,RU,2024-01-09 14:42:19,57.4467,97.3217,11.16,87,100,13.53
225,Uddevalla,SE,2024-01-09 14:42:19,58.3478,11.9424,31.93,95,26,2.15
226,Marquette,US,2024-01-09 14:42:19,46.5333,-87.6335,29.68,97,99,1.99
227,Gazojak,TM,2024-01-09 14:42:19,41.1875,61.4036,48.42,51,91,10.36
228,Nkoteng,CM,2024-01-09 14:42:19,4.5167,12.0333,94.68,17,96,0.74
229,Sao Joao Da Barra,BR,2024-01-09 14:42:19,-21.6403,-41.0511,89.69,80,94,6.02
230,Ayagoz,KZ,2024-01-09 14:42:19,47.9714,80.4392,21.9,96,100,8.63
231,Ancud,CL,2024-01-09 14:42:19,-41.8697,-73.8203,58.53,64,33,7.7
232,Provideniya,RU,2024-01-09 14:40:18,64.3833,-173.3,12.79,97,100,7.27
233,Izhma,RU,2024-01-09 14:43:19,65.0083,53.9113,-18.69,100,100,1.99
234,Kaitangata,NZ,2024-01-09 14:43:19,-46.2817,169.8464,54.14,94,100,13.49
235,Grindavik,IS,2024-01-09 14:43:19,63.8424,-22.4338,46.87,87,100,29.93
236,Acapulco,MX,2024-01-09 14:40:03,16.8634,-99.8901,75.02,73,75,4.61
237,Naze,JP,2024-01-09 14:43:20,28.3667,129.4833,63.52,83,100,5.53
238,Broome,US,2024-01-09 14:43:20,42.2506,-75.833,34.9,83,100,13.8
239,Rusape,ZW,2024-01-09 14:43:20,-18.5278,32.1284,71.24,78,96,5.59
240,Bien Hoa,VN,2024-01-09 14:43:20,10.95,106.8167,82.38,72,86,7.85
241,Chumikan,RU,2024-01-09 14:43:20,54.7183,135.315,-12.91,90,62,16.51
242,Nyagan,RU,2024-01-09 14:43:20,62.1406,65.3936,-2.49,92,100,3.91
243,Herzogenbuchsee,CH,2024-01-09 14:42:06,47.188,7.7062,31.98,90,100,3.67
244,Ust-Ilimsk,RU,2024-01-09 14:43:20,58.0006,102.6619,18.45,84,97,11.99
245,Novovasylivka,UA,2024-01-09 14:43:20,46.8315,35.7536,21.02,65,1,10.87
246,Maravilha,BR,2024-01-09 14:43:20,-26.7608,-53.1725,78.26,78,99,2.55
247,Xuddur,SO,2024-01-09 14:43:20,4.1213,43.8894,84.97,16,49,13.0
248,Bahia Blanca,AR,2024-01-09 14:43:21,-38.7196,-62.2724,86.52,23,0,13.11
249,Korla,CN,2024-01-09 14:43:21,41.7597,86.1469,23.09,71,6,1.45
250,Pacific Grove,US,2024-01-09 14:43:21,36.6177,-121.9166,49.64,84,100,5.75
251,Henties Bay,NA,2024-01-09 14:43:21,-22.116,14.2845,66.87,74,72,14.29
252,Bull Savanna,JM,2024-01-09 14:43:21,17.8868,-77.5902,78.78,73,21,20.69
253,San Francisco Del Mar,MX,2024-01-09 14:43:21,16.2333,-94.65,81.91,67,11,10.38
254,Aripuana,BR,2024-01-09 14:43:21,-9.1667,-60.6333,82.58,89,100,2.77
255,Bunia,CD,2024-01-09 14:43:21,1.5667,30.25,79.57,41,93,4.76
256,Lorengau,PG,2024-01-09 14:43:21,-2.0226,147.2712,81.99,79,100,5.75
257,Saint George,US,2024-01-09 14:43:21,37.1041,-113.5841,21.79,63,0,4.61
258,Malanje,AO,2024-01-09 14:43:21,-9.5402,16.341,78.42,57,15,7.52
259,Puerto Boyaca,CO,2024-01-09 14:43:21,5.9758,-74.5885,84.63,68,92,1.63
260,Tazovskiy,RU,2024-01-09 14:43:22,67.4667,78.7,-1.62,97,100,9.1
261,Kamaishi,JP,2024-01-09 14:43:22,39.2667,141.8833,38.3,74,45,7.65
262,Kirovo-Chepetsk,RU,2024-01-09 14:42:08,58.5539,50.0399,-4.43,100,93,4.65
263,Bilibino,RU,2024-01-09 14:43:22,68.0546,166.4372,-22.31,98,100,2.95
264,Moose Factory,CA,2024-01-09 14:43:22,51.2585,-80.6094,-0.4,78,100,8.05
265,Beloha,MG,2024-01-09 14:43:22,-25.1667,45.05,80.62,70,15,14.45
266,Rocha,UY,2024-01-09 14:43:22,-34.4833,-54.3333,88.39,33,0,2.8
267,Tuatapere,NZ,2024-01-09 14:43:22,-46.1333,167.6833,54.82,97,100,3.04
268,Koygorodok,RU,2024-01-09 14:43:22,60.445,50.9968,-3.24,97,100,7.02
269,Luderitz,NA,2024-01-09 14:40:13,-26.6481,15.1594,71.28,66,12,24.34
270,Ratnagiri,IN,2024-01-09 14:43:22,16.9833,73.3,80.65,70,74,5.53
271,Gamba,GA,2024-01-09 14:43:23,-2.65,10.0,81.48,76,88,8.14
272,Lewiston,US,2024-01-09 14:43:23,44.1003,-70.2148,25.39,84,100,1.23
273,Betanzos,ES,2024-01-09 14:43:23,43.2804,-8.2147,51.98,85,75,3.44
274,Pueblo,US,2024-01-09 14:43:23,38.2545,-104.6091,29.16,59,0,7.67
275,Ler,SS,2024-01-09 14:44:23,8.3018,30.1418,96.89,15,24,2.17
276,Pokosnoye,RU,2024-01-09 14:44:23,55.5258,101.0536,8.67,88,40,4.72
277,Alofi,NU,2024-01-09 14:44:23,-19.0595,-169.9187,75.09,94,89,1.14
278,Magadan,RU,2024-01-09 14:44:23,59.5667,150.8,-8.19,83,100,5.37
279,Matara,LK,2024-01-09 14:42:31,5.9485,80.5353,75.88,91,100,8.01
280,Seymchan,RU,2024-01-09 14:44:24,62.8833,152.4333,-14.96,98,100,1.99
281,Urumqi,CN,2024-01-09 14:44:24,43.801,87.6005,22.15,68,61,4.47
282,Aquin,HT,2024-01-09 14:44:24,18.2833,-73.4,81.43,65,29,8.79
283,Zemio,CF,2024-01-09 14:44:24,5.0314,25.1361,94.66,17,100,2.15
284,Maumere,ID,2024-01-09 14:44:24,-8.6199,122.2111,82.53,81,100,5.01
285,Pevek,RU,2024-01-09 14:42:59,69.7008,170.3133,-13.56,97,100,7.56
286,Ca Mau,VN,2024-01-09 14:42:37,9.1769,105.15,76.73,83,100,6.15
287,Mahebourg,MU,2024-01-09 14:44:24,-20.4081,57.7,84.49,70,40,3.44
288,Japura,ID,2024-01-09 14:44:24,-0.3167,102.35,76.66,97,100,3.0
289,Haines Junction,CA,2024-01-09 14:44:24,60.7522,-137.5108,-11.25,77,90,0.0
290,Ibra,OM,2024-01-09 14:44:24,22.6906,58.5334,67.03,29,0,4.76
291,Delhi,IN,2024-01-09 14:42:12,28.6667,77.2167,51.89,93,0,8.05
292,Ahuimanu,US,2024-01-09 14:44:24,21.4447,-157.8378,76.71,86,75,9.22
293,San Mateo Del Mar,MX,2024-01-09 14:44:25,16.2,-95.0,81.77,67,11,13.87
294,Camargo,MX,2024-01-09 14:44:25,27.6667,-105.1667,36.73,17,28,1.92
295,San Buenaventura,MX,2024-01-09 14:44:25,27.0833,-101.5333,51.48,17,54,6.91
296,Vanavara,RU,2024-01-09 14:44:25,60.34,102.2797,15.89,96,100,5.01
297,Kahului,US,2024-01-09 14:44:25,20.8947,-156.47,71.83,93,100,37.98
298,Bogale,MM,2024-01-09 14:44:26,16.2833,95.4,70.7,55,0,6.82
299,Lebu,CL,2024-01-09 14:44:26,-37.6167,-73.65,60.62,65,0,20.49
300,Ilulissat,GL,2024-01-09 14:44:26,69.2167,-51.1,19.42,68,75,2.3
301,Kalmunai,LK,2024-01-09 14:44:26,7.4167,81.8167,77.95,89,100,9.1
302,Kulhudhuffushi,MV,2024-01-09 14:44:26,6.6221,73.07,82.0,81,100,13.89
303,Palana,RU,2024-01-09 14:44:26,59.1167,159.9667,0.66,98,100,5.99
304,Drumheller,CA,2024-01-09 14:44:26,51.4617,-112.7101,21.22,78,100,13.8
305,Batagay-Alyta,RU,2024-01-09 14:44:26,67.8006,130.4114,-38.09,91,17,3.67
306,Mulege,MX,2024-01-09 14:44:26,26.8833,-111.9833,51.49,43,100,10.09
307,Goure,NE,2024-01-09 14:44:26,13.9835,10.2704,87.85,5,3,11.9
308,Kloulklubed,PW,2024-01-09 14:44:26,7.0419,134.2556,82.9,74,33,15.97
309,Thinadhoo,MV,2024-01-09 14:44:26,0.5333,72.9333,81.54,81,18,10.16
310,Sitka,US,2024-01-09 14:44:26,57.0531,-135.33,30.09,93,20,3.44
311,Half Moon Bay,US,2024-01-09 14:44:26,37.4636,-122.4286,51.85,94,100,8.05
312,Saint-Augustin,CA,2024-01-09 14:44:27,51.226,-58.6502,14.76,57,21,17.0
313,Myitkyina,MM,2024-01-09 14:44:27,25.3833,97.4,55.51,66,0,2.37
314,Celestun,MX,2024-01-09 14:44:27,20.8667,-90.4,78.82,74,66,11.45
315,Yarada,IN,2024-01-09 14:44:27,17.65,83.2667,75.52,88,20,5.75
316,Meulaboh,ID,2024-01-09 14:44:27,4.1363,96.1285,76.17,94,100,6.51
317,Anori,BR,2024-01-09 14:44:27,-3.7728,-61.6442,75.0,98,100,3.78
318,Sfantu Gheorghe,RO,2024-01-09 14:44:27,45.8667,25.7833,21.27,46,97,5.1
319,Coolum Beach,AU,2024-01-09 14:43:18,-26.5333,153.1,76.1,98,27,3.04
320,Ornskoldsvik,SE,2024-01-09 14:45:27,63.2909,18.7153,43.75,75,0,21.85
321,Rawson,AR,2024-01-09 14:45:27,-43.3002,-65.1023,69.31,25,2,27.04
322,Aklavik,CA,2024-01-09 14:45:27,68.2191,-135.0107,-33.2,99,15,7.38
323,Anadyr,RU,2024-01-09 14:41:21,64.75,177.4833,-12.5,84,100,6.71
324,Camopi,GF,2024-01-09 14:45:27,3.1655,-52.3158,86.72,61,79,5.68
325,La Ronge,CA,2024-01-09 14:45:27,55.1001,-105.2842,-10.95,77,100,2.3
326,Havoysund,NO,2024-01-09 14:45:27,70.9963,24.6622,28.63,89,100,22.41
327,Novoagansk,RU,2024-01-09 14:45:28,61.9449,76.6625,-17.5,98,20,8.39
328,Cartagena,CO,2024-01-09 14:45:28,10.3997,-75.5144,83.82,74,0,4.61
329,Along,IN,2024-01-09 14:45:28,28.1667,94.7667,51.46,69,0,1.99
330,Chapais,CA,2024-01-09 14:45:28,49.7834,-74.8492,-4.22,85,100,6.89
331,Yakima,US,2024-01-09 14:45:28,46.4665,-120.6678,38.98,91,75,11.5
332,Ambilobe,MG,2024-01-09 14:45:28,-13.2,49.05,77.74,94,100,5.61
333,Arrecife,ES,2024-01-09 14:45:28,28.963,-13.5477,67.98,83,20,14.97
334,Trincomalee,LK,2024-01-09 14:45:28,8.5711,81.2335,79.56,83,100,15.61
335,Sechura,PE,2024-01-09 14:45:28,-5.5569,-80.8222,79.16,60,29,7.87
336,Fairview,US,2024-01-09 14:45:28,40.8126,-73.999,43.48,74,0,9.22
337,Camana,PE,2024-01-09 14:45:28,-16.6228,-72.7111,74.73,78,99,9.31
338,Faanui,PF,2024-01-09 14:45:28,-16.4833,-151.75,80.94,79,66,11.34
339,Skelleftea,SE,2024-01-09 14:45:03,64.7507,20.9528,41.36,97,0,12.66
340,Norman Wells,CA,2024-01-09 14:45:29,65.282,-126.8329,-32.76,68,75,3.44
341,Nalut,LY,2024-01-09 14:45:29,30.3333,10.85,55.42,25,31,9.01
342,Hualmay,PE,2024-01-09 14:45:29,-11.0964,-77.6139,75.9,75,80,7.61
343,Yabrud,SY,2024-01-09 14:45:29,33.9674,36.6574,46.74,56,1,4.68
344,Tautira,PF,2024-01-09 14:45:29,-17.7333,-149.15,80.29,81,68,11.83
345,Isla Mujeres,MX,2024-01-09 14:45:29,21.2311,-86.731,82.45,81,46,20.65
346,Chuy,UY,2024-01-09 14:45:29,-33.6971,-53.4616,83.5,44,0,2.28
347,Bisho,ZA,2024-01-09 14:45:29,-32.8472,27.4422,68.63,76,84,11.32
348,Vila Franca Do Campo,PT,2024-01-09 14:45:29,37.7167,-25.4333,64.89,99,100,20.58
349,Waterbury,US,2024-01-09 14:45:29,41.5582,-73.0515,35.94,88,40,8.05
350,Valparaiso,CL,2024-01-09 14:40:51,-33.0393,-71.6273,84.15,57,0,6.91
351,Dalianwan,CN,2024-01-09 14:45:29,39.0286,121.695,23.04,54,0,8.95
352,Sayansk,RU,2024-01-09 14:45:29,54.1088,102.1648,12.34,96,100,4.07
353,Kununurra,AU,2024-01-09 14:45:29,-15.7667,128.7333,80.58,89,40,4.61
354,Esso,RU,2024-01-09 14:45:30,55.9333,158.7,-13.94,92,91,5.35
355,Heinola,FI,2024-01-09 14:45:30,61.2056,26.0381,33.01,98,100,10.96
356,Leh,IN,2024-01-09 14:45:30,34.1667,77.5833,20.59,39,1,2.33
357,Petropavlovsk-Kamchatskiy,RU,2024-01-09 14:45:30,53.0452,158.6483,0.45,77,75,8.95
358,Arkadelphia,US,2024-01-09 14:45:30,34.1209,-93.0538,38.37,81,100,16.11
359,Luanda,AO,2024-01-09 14:45:14,-8.8368,13.2343,87.8,65,20,11.5
360,Tessalit,ML,2024-01-09 14:45:30,20.1986,1.0114,84.34,8,24,7.07
361,Gaffney,US,2024-01-09 14:45:30,35.0718,-81.6498,55.09,95,100,16.69
362,Methoni,GR,2024-01-09 14:45:30,36.8197,21.7049,57.06,69,53,9.93
363,Chicama,PE,2024-01-09 14:45:30,-7.8447,-79.1469,72.14,66,78,6.44
364,Ahipara,NZ,2024-01-09 14:45:30,-35.1667,173.1667,64.81,91,1,4.47
365,Boshnyakovo,RU,2024-01-09 14:45:30,49.6333,142.1667,0.9,89,97,4.27
366,Poya,NC,2024-01-09 14:45:30,-21.35,165.15,76.59,86,19,4.79
367,Roebourne,AU,2024-01-09 14:46:30,-20.7833,117.1333,88.79,41,12,10.74
368,Alpena,US,2024-01-09 14:46:30,45.0617,-83.4327,35.11,96,100,11.5
369,Mujiayingzi,CN,2024-01-09 14:46:31,42.1167,118.7833,6.66,79,1,7.67
370,Zolotukhino,RU,2024-01-09 14:46:31,52.0842,36.3772,11.07,96,14,7.54
371,Tsnori,GE,2024-01-09 14:46:31,41.6209,45.9694,50.86,61,70,4.59
372,Ushtobe,KZ,2024-01-09 14:46:31,45.2514,77.9838,41.92,84,100,5.86
373,Airai,TL,2024-01-09 14:46:31,-8.9266,125.4092,62.83,94,100,1.01
374,Narsaq,GL,2024-01-09 14:46:31,60.9167,-46.05,48.42,68,73,12.55
375,Ewa Beach,US,2024-01-09 14:46:31,21.3156,-158.0072,76.95,89,75,11.5
376,Coihaique,CL,2024-01-09 14:43:41,-45.5752,-72.0662,54.21,47,20,9.22
377,Buckeye,US,2024-01-09 14:46:31,33.3703,-112.5838,40.05,78,0,8.05
378,Verkhnyaya Inta,RU,2024-01-09 14:46:31,65.9811,60.3094,-16.38,100,99,6.2
379,Green River,US,2024-01-09 14:46:31,41.5286,-109.4662,18.19,78,93,8.97
380,Kruisfontein,ZA,2024-01-09 14:46:31,-34.0033,24.7314,73.45,69,84,14.36
381,Dingle,PH,2024-01-09 14:46:32,10.9995,122.6711,76.75,87,12,6.69
382,Antsohihy,MG,2024-01-09 14:46:32,-14.8796,47.9875,80.91,86,99,5.12
383,San Quintin,MX,2024-01-09 14:46:32,30.4833,-115.95,51.1,30,46,4.27
384,Balbalan,PH,2024-01-09 14:46:32,17.4414,121.2019,62.56,97,75,2.39
385,Moron,AR,2024-01-09 14:46:07,-34.6534,-58.6198,88.93,51,2,4.0
386,Namatanai,PG,2024-01-09 14:46:32,-3.6667,152.4333,80.11,84,80,3.65
387,Banff,CA,2024-01-09 14:46:32,51.1762,-115.5698,24.03,92,95,8.05
388,Baglung,NP,2024-01-09 14:46:32,28.2719,83.5898,51.21,50,0,5.68
389,Qingquan,CN,2024-01-09 14:46:32,30.4511,115.2559,47.26,62,8,5.39
390,Tuktoyaktuk,CA,2024-01-09 14:46:32,69.4541,-133.0374,-32.8,68,0,3.44
391,Ostrovnoy,RU,2024-01-09 14:46:32,68.0531,39.5131,19.63,81,100,9.15
392,Puerto Escondido,MX,2024-01-09 14:46:32,15.85,-97.0667,80.06,57,99,2.3
393,Adrar,MR,2024-01-09 14:46:32,20.5022,-10.0711,81.3,11,100,10.76
394,Itaituba,BR,2024-01-09 14:45:02,-4.2761,-55.9836,84.36,84,75,2.3
395,Koslan,RU,2024-01-09 14:46:33,63.4564,48.8989,-25.58,100,77,3.0
396,Yangambi,CD,2024-01-09 14:46:33,0.8102,24.4336,84.58,53,96,4.76
397,Santa Vitoria Do Palmar,BR,2024-01-09 14:46:33,-33.5189,-53.3681,83.08,44,0,1.61
398,Necochea,AR,2024-01-09 14:46:33,-38.5473,-58.7368,82.09,31,0,5.61
399,Zachary,US,2024-01-09 14:46:33,30.6485,-91.1565,48.07,67,100,25.32
400,Whitianga,NZ,2024-01-09 14:42:43,-36.8333,175.7,61.77,91,10,2.01
401,Okhotsk,RU,2024-01-09 14:46:33,59.3833,143.3,-25.6,84,65,8.9
402,Bucerias,MX,2024-01-09 14:46:33,20.75,-105.3333,70.99,67,91,5.32
403,San Rafael Del Sur,NI,2024-01-09 14:46:33,11.8485,-86.4384,76.17,63,5,7.54
404,Whitehorse,CA,2024-01-09 14:46:33,60.7161,-135.0538,8.1,83,100,9.22
405,Roma,US,2024-01-09 14:45:32,43.2128,-75.4557,34.88,86,0,9.22
406,Morwell,AU,2024-01-09 14:46:33,-38.2333,146.4,64.4,99,65,2.01
407,Boa Viagem,BR,2024-01-09 14:46:33,-5.1275,-39.7322,94.42,35,33,6.71
408,Kaura Namoda,NG,2024-01-09 14:46:33,12.5898,6.5779,92.44,5,5,10.98
409,Santa Maria,BR,2024-01-09 14:46:33,-29.6842,-53.8069,78.1,78,75,3.44
410,Parrita,CR,2024-01-09 14:46:34,9.5201,-84.3225,96.26,57,5,2.3
411,Katsuura,JP,2024-01-09 14:46:34,35.1333,140.3,51.19,59,0,17.63
412,Ha Tinh,VN,2024-01-09 14:46:34,18.3333,105.9,69.26,90,11,2.21
413,Kutahya,TR,2024-01-09 14:43:13,39.4242,29.9833,36.16,99,100,3.83
414,Buala,SB,2024-01-09 14:46:34,-8.145,159.5921,81.45,79,96,2.86
415,Pangody,RU,2024-01-09 14:46:34,65.85,74.4859,-18.11,98,88,10.71
416,Naters,CH,2024-01-09 14:47:34,46.3254,7.9891,37.45,93,100,5.82
417,Chemal,RU,2024-01-09 14:47:34,51.4111,86.005,11.35,94,81,2.86
418,Acarau,BR,2024-01-09 14:47:34,-2.8856,-40.12,89.08,55,62,15.64
419,Dimitrovgrad,RU,2024-01-09 14:47:34,54.2139,49.6184,5.36,95,96,6.96
420,Pervomayskoye,RU,2024-01-09 14:47:34,43.919,46.7102,30.49,92,100,17.98
421,Chone,EC,2024-01-09 14:47:34,-0.6833,-80.1,74.93,94,100,1.43
422,Camacha,PT,2024-01-09 14:47:34,33.0833,-16.3333,63.82,82,40,10.36
423,Westlock,CA,2024-01-09 14:47:34,54.1502,-113.8688,3.78,94,100,10.89
424,Teya,RU,2024-01-09 14:47:35,60.3778,92.6267,2.07,91,100,11.45
425,Buritis,BR,2024-01-09 14:47:35,-15.6178,-46.4233,81.27,75,98,4.21
426,Aksarka,RU,2024-01-09 14:47:35,66.5606,67.7975,-26.07,100,98,3.31
427,Osa,RU,2024-01-09 14:47:35,57.2829,55.4567,-4.45,100,99,3.78
428,Rundu,NA,2024-01-09 14:47:35,-17.9333,19.7667,84.87,46,97,5.19
429,Aitape,PG,2024-01-09 14:47:35,-3.1374,142.3475,77.59,89,87,2.98
430,Fairbanks,US,2024-01-09 14:47:35,64.8378,-147.7164,8.94,82,100,3.44
431,Abeche,TD,2024-01-09 14:47:35,13.8292,20.8324,96.82,7,0,6.91
432,Hami,CN,2024-01-09 14:47:35,42.8,93.45,22.89,65,22,3.44
433,Benghazi,LY,2024-01-09 14:47:35,32.1167,20.0667,61.7,69,77,26.49
434,Nova Olimpia,BR,2024-01-09 14:47:35,-14.7972,-57.2881,89.46,61,47,5.79
435,Cayenne,GF,2024-01-09 14:45:43,4.9333,-52.3333,86.04,79,75,13.8
436,Baculin,PH,2024-01-09 14:47:36,7.4525,126.5842,77.56,89,100,4.47
437,Paamiut,GL,2024-01-09 14:47:36,61.994,-49.6678,33.33,78,100,4.03
438,Gogrial,SS,2024-01-09 14:47:36,8.5332,28.1004,95.16,13,79,4.7
439,Mehamn,NO,2024-01-09 14:47:36,71.0357,27.8492,24.75,80,75,10.36
440,Olafsvik,IS,2024-01-09 14:47:36,64.8945,-23.7142,44.31,92,100,28.86
441,Marawi,PH,2024-01-09 14:47:36,7.9986,124.2928,69.31,94,45,1.79
442,Tamasopo,MX,2024-01-09 14:47:36,21.9333,-99.4833,51.21,46,52,5.17
443,Natitingou,BJ,2024-01-09 14:47:36,10.3042,1.3796,97.38,6,0,3.04
444,Fernandina Beach,US,2024-01-09 14:47:36,30.6697,-81.4626,72.03,85,40,23.02
445,Neya,RU,2024-01-09 14:47:36,58.2972,43.8681,-5.98,100,82,4.07
446,Russell,US,2024-01-09 14:47:36,32.3502,-85.1999,61.75,88,20,4.61
447,Hailun,CN,2024-01-09 14:47:36,47.45,126.9333,-19.86,100,13,0.87
448,Severo-Yeniseyskiy,RU,2024-01-09 14:47:37,60.3725,93.0408,-1.43,93,100,11.99
449,Rabo De Peixe,PT,2024-01-09 14:47:37,37.8,-25.5833,63.99,99,75,17.27
450,Pinega,RU,2024-01-09 14:47:37,64.7001,43.3936,-15.81,100,100,2.01
451,Marsh Harbour,BS,2024-01-09 14:47:37,26.5412,-77.0636,74.8,84,100,24.96
452,Neiafu,TO,2024-01-09 14:47:37,-18.65,-173.9833,74.08,94,20,0.0
453,Wajima,JP,2024-01-09 14:47:37,37.4,136.9,42.57,94,100,6.55
454,Turukhansk,RU,2024-01-09 14:47:37,65.8167,87.9833,1.89,90,100,20.0
455,Labuhan,ID,2024-01-09 14:47:37,-6.8844,112.2051,79.43,88,100,7.0
456,Nuuk,GL,2024-01-09 14:47:37,64.1835,-51.7216,47.01,34,40,14.97
457,Uzhhorod,UA,2024-01-09 14:47:37,48.6167,22.3,30.49,42,0,3.24
458,Markova,UA,2024-01-09 14:47:38,48.6758,24.4138,12.34,90,1,1.88
459,Chunhuhub,MX,2024-01-09 14:47:38,19.55,-88.6833,80.74,69,46,7.58
460,San Juan,AR,2024-01-09 14:44:59,-31.5375,-68.5364,86.58,34,1,7.4
461,North Bend,US,2024-01-09 14:47:38,43.4065,-124.2243,49.86,87,100,21.85
462,Ocos,GT,2024-01-09 14:48:38,14.5094,-92.1933,73.58,60,2,7.05
463,Krasnyy Oktyabr,RU,2024-01-09 14:48:38,56.1167,38.8833,11.34,95,100,7.11
464,Ganzhou,CN,2024-01-09 14:48:38,28.8184,115.4327,51.64,81,1,4.25
