City_ID,City,Country,Date,Lat,Lng,Max Temp,Min Temp,Humidity,Cloudiness,Wind Speed,Current Description
0,Lazaro Cardenas,MX,2024-01-24 10:10:20,17.9583,-102.2,72.07,72.07,84,0,4.52,clear sky
1,Sao Gabriel Da Cachoeira,BR,2024-01-24 10:10:20,-0.1303,-67.0892,74.1,74.1,91,52,0.29,broken clouds
2,Ushuaia,AR,2024-01-24 10:10:20,-54.8,-68.3,39.88,39.88,83,55,3.36,broken clouds
3,Rikitea,PF,2024-01-24 10:10:20,-23.1203,-134.9692,76.41,76.41,81,100,12.3,overcast clouds
4,Venado Tuerto,AR,2024-01-24 10:10:20,-33.7456,-61.9688,59.25,59.25,70,0,8.34,clear sky
5,Asyut,EG,2024-01-24 10:08:46,27.181,31.1837,62.1,62.1,36,30,13.04,scattered clouds
6,Bethel,US,2024-01-24 10:10:20,41.3712,-73.414,35.96,31.06,84,100,1.99,overcast clouds
7,Bluff,NZ,2024-01-24 10:10:20,-46.6,168.3333,50.81,50.81,73,63,7.47,broken clouds
8,Dikson,RU,2024-01-24 10:10:20,73.5069,80.5464,-19.28,-19.28,100,5,8.01,clear sky
9,Saint-Francois,FR,2024-01-24 10:10:20,46.4154,3.9054,55.65,54.68,89,75,8.05,broken clouds
10,Barrow,US,2024-01-24 10:10:21,71.2906,-156.7887,-14.24,-14.24,94,100,20.02,overcast clouds
11,Ribeira Grande,PT,2024-01-24 10:10:21,38.5167,-28.7,61.2,60.78,94,75,8.01,light rain
12,Mataura,NZ,2024-01-24 10:10:21,-46.1927,168.8643,50.49,50.49,97,65,0.31,broken clouds
13,Tasiilaq,GL,2024-01-24 10:10:21,65.6145,-37.6368,14.16,14.16,92,100,20.18,light snow
14,Lugovoy,KZ,2024-01-24 10:10:21,42.9472,72.7644,37.51,37.51,93,100,3.0,overcast clouds
15,Broken Hill,AU,2024-01-24 10:06:51,-31.95,141.4333,94.98,94.98,19,94,21.59,overcast clouds
16,Jamestown,US,2024-01-24 10:10:21,42.097,-79.2353,40.59,37.02,100,100,4.61,fog
17,Okhotsk,RU,2024-01-24 10:10:00,59.3833,143.3,-21.26,-21.26,86,11,5.14,few clouds
18,Katherine,AU,2024-01-24 10:10:21,-14.4667,132.2667,79.12,79.12,100,100,4.61,overcast clouds
19,Los Llanos De Aridane,ES,2024-01-24 10:10:21,28.6585,-17.9182,66.13,65.95,53,0,6.91,clear sky
20,Vao,NC,2024-01-24 10:10:21,-22.6667,167.4833,78.49,78.49,75,100,8.39,overcast clouds
21,Ilulissat,GL,2024-01-24 10:10:22,69.2167,-51.1,6.82,6.82,56,75,11.5,broken clouds
22,Hobart,AU,2024-01-24 10:10:22,-42.8794,147.3294,68.05,66.06,57,20,9.22,few clouds
23,Kodiak,US,2024-01-24 10:10:22,57.79,-152.4072,26.11,26.11,59,0,5.75,clear sky
24,Carnarvon,AU,2024-01-24 10:10:22,-24.8667,113.6333,76.05,76.05,71,39,29.64,scattered clouds
25,Longyearbyen,SJ,2024-01-24 10:09:16,78.2186,15.6401,28.24,28.24,86,75,6.91,light snow
26,Alofi,NU,2024-01-24 10:10:22,-19.0595,-169.9187,79.92,79.92,79,100,16.91,overcast clouds
27,Touros,BR,2024-01-24 10:10:22,-5.1989,-35.4608,82.83,82.83,72,50,8.63,scattered clouds
28,Yako,BF,2024-01-24 10:10:22,12.9667,-2.2667,85.62,85.62,7,7,15.93,clear sky
29,Dingle,PH,2024-01-24 10:10:22,10.9995,122.6711,77.85,77.85,80,24,9.04,few clouds
30,Cidreira,BR,2024-01-24 10:10:22,-30.1811,-50.2056,72.57,72.57,65,36,15.35,scattered clouds
31,Tari,NG,2024-01-24 10:10:23,12.4086,4.4914,83.88,83.88,10,1,19.26,clear sky
32,Punta Arenas,CL,2024-01-24 10:09:09,-53.15,-70.9167,44.71,44.11,70,0,5.75,clear sky
33,Darab,IR,2024-01-24 10:06:08,28.7519,54.5444,67.14,67.14,22,64,5.77,broken clouds
34,Saint George,US,2024-01-24 10:10:23,37.1041,-113.5841,43.41,39.42,98,0,0.0,clear sky
35,Hithadhoo,MV,2024-01-24 10:10:23,-0.6,73.0833,83.23,83.23,75,70,12.57,broken clouds
36,Castro,BR,2024-01-24 10:10:23,-24.7911,-50.0119,57.69,57.69,92,100,8.32,overcast clouds
37,Hilo,US,2024-01-24 10:10:23,19.7297,-155.09,70.25,65.08,84,75,1.99,broken clouds
38,Talakan,RU,2024-01-24 10:10:23,50.3167,130.3667,-15.25,-15.25,99,7,2.46,clear sky
39,Pangkalanbuun,ID,2024-01-24 10:10:23,-2.6833,111.6167,80.91,80.91,85,98,1.74,overcast clouds
40,Srednekolymsk,RU,2024-01-24 10:08:46,67.45,153.6833,-20.79,-20.79,86,66,11.61,broken clouds
41,Sao Felix Do Xingu,BR,2024-01-24 10:10:24,-6.6447,-51.995,73.29,73.29,99,98,1.36,overcast clouds
42,Puerto Ayora,EC,2024-01-24 10:10:24,-0.7393,-90.3518,77.56,77.56,98,75,3.0,broken clouds
43,Busselton,AU,2024-01-24 10:10:24,-33.65,115.3333,72.82,72.82,45,9,17.87,clear sky
44,Nampa,US,2024-01-24 10:10:24,43.5407,-116.5635,39.04,31.66,98,100,3.44,fog
45,Cedar Rapids,US,2024-01-24 10:10:24,42.0083,-91.6441,32.43,30.78,97,100,8.05,fog
46,Bengkulu,ID,2024-01-24 10:10:24,-3.8004,102.2655,84.92,84.92,68,100,8.03,overcast clouds
47,Slave Lake,CA,2024-01-24 10:11:24,55.2834,-114.769,14.43,14.43,97,96,5.73,overcast clouds
48,Sheksna,RU,2024-01-24 10:07:25,59.21,38.5107,31.96,30.92,95,100,12.15,light snow
49,Altay,CN,2024-01-24 10:11:24,47.8667,88.1167,7.92,7.92,61,12,5.59,few clouds
50,Deputatskiy,RU,2024-01-24 10:11:25,69.3,139.9,-16.31,-16.31,96,100,6.62,overcast clouds
51,Tamandare,BR,2024-01-24 10:11:25,-8.7597,-35.1047,81.45,81.45,76,40,10.07,scattered clouds
52,Aklavik,CA,2024-01-24 10:11:25,68.2191,-135.0107,-15.7,-15.7,100,100,2.04,overcast clouds
53,Shimoda,JP,2024-01-24 10:11:25,34.6667,138.95,37.11,37.11,48,31,22.82,scattered clouds
54,Susanville,US,2024-01-24 10:11:25,40.4163,-120.653,38.8,34.66,89,40,4.61,scattered clouds
55,Japura,ID,2024-01-24 10:11:25,-0.3167,102.35,82.04,82.04,85,91,1.21,overcast clouds
56,Nuuk,GL,2024-01-24 10:10:17,64.1835,-51.7216,12.81,11.88,52,75,3.44,light snow
57,Avarua,CK,2024-01-24 10:11:25,-21.2078,-159.775,77.05,77.05,83,75,5.75,broken clouds
58,Half Moon Bay,US,2024-01-24 10:11:25,37.4636,-122.4286,55.02,50.58,94,100,5.75,overcast clouds
59,Great Yarmouth,GB,2024-01-24 10:10:51,52.6083,1.7305,51.94,50.02,68,93,28.05,overcast clouds
60,Yellowknife,CA,2024-01-24 10:11:26,62.456,-114.3525,-27.71,-30.44,66,26,5.99,scattered clouds
61,Salalah,OM,2024-01-24 10:11:26,17.0151,54.0924,80.69,80.69,41,20,8.05,few clouds
62,Trairi,BR,2024-01-24 10:11:26,-3.2778,-39.2689,80.83,80.83,80,51,5.95,broken clouds
63,Coahuayana,MX,2024-01-24 10:11:26,18.7333,-103.6833,70.52,70.52,69,1,3.74,clear sky
64,Komsomolskiy,UZ,2024-01-24 10:11:26,40.4272,71.7189,50.72,50.72,37,100,2.3,overcast clouds
65,Hermanus,ZA,2024-01-24 10:11:26,-34.4187,19.2345,83.8,83.8,53,0,11.16,clear sky
66,Okakarara,NA,2024-01-24 10:11:26,-20.5833,17.4333,86.09,86.09,28,100,13.8,overcast clouds
67,Shizuishan,CN,2024-01-24 10:11:26,39.2333,106.7694,16.92,16.92,34,0,3.24,clear sky
68,Beipiao,CN,2024-01-24 10:07:29,41.7919,120.7792,17.55,17.55,67,0,1.97,clear sky
69,Rio Gallegos,AR,2024-01-24 10:11:27,-51.6226,-69.2181,46.72,46.72,54,88,5.77,overcast clouds
70,Arraial Do Cabo,BR,2024-01-24 10:11:27,-22.9661,-42.0278,69.66,69.66,94,100,2.3,overcast clouds
71,Sulangan,PH,2024-01-24 10:11:27,11.1373,123.7228,81.14,81.14,79,2,17.29,clear sky
72,Acajutla,SV,2024-01-24 10:11:27,13.5928,-89.8275,78.1,78.1,68,2,4.32,clear sky
73,Hammonton,US,2024-01-24 10:11:27,39.6365,-74.8024,39.81,35.82,90,98,3.47,overcast clouds
74,Nikolskoye,RU,2024-01-24 10:11:27,59.7035,30.7861,36.01,33.94,99,100,8.81,overcast clouds
75,La Seyne-Sur-Mer,FR,2024-01-24 10:11:27,43.0982,5.8847,61.54,51.75,72,100,10.0,overcast clouds
76,Bredasdorp,ZA,2024-01-24 10:06:39,-34.5322,20.0403,77.79,77.79,54,6,16.55,clear sky
77,Ashqelon,IL,2024-01-24 10:11:27,31.6693,34.5715,57.09,57.09,62,10,19.48,clear sky
78,Port Elizabeth,ZA,2024-01-24 10:07:29,-33.918,25.5701,85.1,74.32,70,0,4.0,clear sky
79,Pulandian,CN,2024-01-24 10:11:28,39.3953,121.9669,17.44,17.44,76,0,5.01,clear sky
80,Cockburn Town,TC,2024-01-24 10:11:28,21.4612,-71.1419,76.87,76.87,79,4,27.74,clear sky
81,Mount Isa,AU,2024-01-24 10:11:28,-20.7333,139.5,96.57,96.57,41,81,6.91,broken clouds
82,Muhos,FI,2024-01-24 10:11:28,64.808,25.9931,15.76,15.58,96,100,3.44,overcast clouds
83,Omboue,GA,2024-01-24 10:11:28,-1.5746,9.2618,85.32,85.32,69,53,6.33,broken clouds
84,Rio Grande,BR,2024-01-24 10:08:41,-32.035,-52.0986,72.21,72.21,55,45,16.46,scattered clouds
85,Porto Belo,BR,2024-01-24 10:11:28,-27.1578,-48.5531,75.15,65.79,82,75,9.17,broken clouds
86,Mackay,AU,2024-01-24 10:10:19,-21.15,149.2,83.68,83.68,80,100,24.92,overcast clouds
87,Quatre Cocos,MU,2024-01-24 10:11:28,-20.2078,57.7625,82.09,82.09,86,100,11.95,overcast clouds
88,Cape Town,ZA,2024-01-24 10:10:47,-33.9258,18.4232,92.12,76.08,47,0,5.99,clear sky
89,East London,ZA,2024-01-24 10:11:29,-33.0153,27.9116,75.85,75.85,59,11,19.91,few clouds
90,Vaini,TO,2024-01-24 10:11:29,-21.2,-175.2,78.96,78.96,94,75,6.91,broken clouds
91,North Bend,US,2024-01-24 10:11:29,43.4065,-124.2243,51.08,48.11,100,100,4.61,overcast clouds
92,Bilibino,RU,2024-01-24 10:12:19,68.0546,166.4372,-29.09,-29.09,89,100,2.89,overcast clouds
93,Kirakira,SB,2024-01-24 10:12:29,-10.4544,161.9205,81.32,81.32,85,100,1.19,overcast clouds
94,New Norfolk,AU,2024-01-24 10:12:29,-42.7826,147.0587,67.71,65.7,75,0,4.09,clear sky
95,Shubarshi,KZ,2024-01-24 10:12:29,48.5872,57.1869,10.44,10.44,91,100,6.35,overcast clouds
96,Richards Bay,ZA,2024-01-24 10:12:29,-28.783,32.0377,75.6,75.6,58,90,9.42,overcast clouds
97,Lompoc,US,2024-01-24 10:12:30,34.6391,-120.4579,51.93,46.02,87,100,7.0,overcast clouds
98,Butaritari,KI,2024-01-24 10:12:30,3.0707,172.7902,84.63,84.63,76,95,12.95,light rain
99,Lata,PT,2024-01-24 10:12:30,40.1629,-8.3327,57.07,57.07,74,0,2.71,clear sky
100,Najran,SA,2024-01-24 10:08:33,17.4924,44.1277,79.45,79.45,18,15,4.68,few clouds
101,Santa Catarina De Tepehuanes,MX,2024-01-24 10:12:30,25.35,-105.7333,46.6,46.6,65,99,11.68,overcast clouds
102,Port Alfred,ZA,2024-01-24 10:12:30,-33.5906,26.891,72.18,72.18,77,6,8.99,clear sky
103,Atuona,PF,2024-01-24 10:12:30,-9.8,-139.0333,80.44,80.44,79,34,16.78,scattered clouds
104,Bambous Virieux,MU,2024-01-24 10:12:30,-20.3428,57.7575,82.22,82.22,87,100,12.03,overcast clouds
105,Fairbanks,US,2024-01-24 10:12:30,64.8378,-147.7164,-36.44,-40.52,61,0,0.0,clear sky
106,Mar Del Plata,AR,2024-01-24 10:10:13,-38.0023,-57.5575,68.88,66.52,82,0,8.01,clear sky
107,Suzun,RU,2024-01-24 10:12:31,53.7841,82.3116,14.67,14.67,84,100,5.97,overcast clouds
108,Ahipara,NZ,2024-01-24 10:12:31,-35.1667,173.1667,61.83,61.83,63,74,11.56,broken clouds
109,Luderitz,NA,2024-01-24 10:10:01,-26.6481,15.1594,75.51,75.51,55,98,11.61,overcast clouds
110,Albany,US,2024-01-24 10:12:31,42.6001,-73.9662,34.38,28.33,88,100,3.0,light snow
111,Roma,US,2024-01-24 10:11:03,43.2128,-75.4557,37.09,30.92,96,100,8.05,mist
112,Pemba,MZ,2024-01-24 10:12:31,-12.974,40.5178,80.83,80.83,83,100,12.35,moderate rain
113,Qaanaaq,GL,2024-01-24 10:12:31,77.484,-69.3632,-23.78,-23.78,60,18,5.53,few clouds
114,San Bartolome De Tirajana,ES,2024-01-24 10:12:31,27.9248,-15.5733,59.32,57.51,44,0,10.36,clear sky
115,Upernavik,GL,2024-01-24 10:12:31,72.7868,-56.1549,-27.33,-27.33,99,98,4.65,overcast clouds
116,Antsohihy,MG,2024-01-24 10:12:31,-14.8796,47.9875,74.39,74.39,98,100,5.41,heavy intensity rain
117,The Pas,CA,2024-01-24 10:12:32,53.8251,-101.2541,11.35,11.35,96,97,3.89,overcast clouds
118,Kavaratti,IN,2024-01-24 10:09:03,10.5669,72.642,81.18,81.18,66,73,11.41,broken clouds
119,Ossora,RU,2024-01-24 10:12:32,59.2353,163.0719,-7.13,-7.13,89,10,4.74,clear sky
120,Kaitangata,NZ,2024-01-24 10:12:32,-46.2817,169.8464,47.55,47.55,84,66,2.86,broken clouds
121,Constitucion,CL,2024-01-24 10:12:32,-35.3333,-72.4167,58.84,58.84,73,1,4.79,clear sky
122,Tuktoyaktuk,CA,2024-01-24 10:12:32,69.4541,-133.0374,-23.98,-23.98,97,60,8.77,broken clouds
123,Livramento,BR,2024-01-24 10:12:32,-3.0254,-60.1803,79.47,75.88,100,0,0.0,clear sky
124,Cherskiy,RU,2024-01-24 10:12:32,68.75,161.3,-17.54,-17.54,80,100,6.87,overcast clouds
125,Saint-Augustin,CA,2024-01-24 10:12:32,51.226,-58.6502,-10.8,-10.8,74,6,14.0,clear sky
126,Henties Bay,NA,2024-01-24 10:12:32,-22.116,14.2845,70.29,70.29,76,98,8.68,overcast clouds
127,Kamwenge,UG,2024-01-24 10:12:33,0.1866,30.4539,81.48,81.48,44,94,3.65,overcast clouds
128,Husavik,IS,2024-01-24 10:12:33,66.0449,-17.3389,29.21,29.21,77,100,20.56,overcast clouds
129,Sabang,ID,2024-01-24 10:12:33,5.8933,95.3214,82.4,82.4,77,81,15.75,broken clouds
130,Airai,TL,2024-01-24 10:12:33,-8.9266,125.4092,63.55,63.55,85,100,3.53,overcast clouds
131,Labuhan,ID,2024-01-24 10:12:33,-6.8844,112.2051,81.95,81.95,84,100,13.65,overcast clouds
132,Bolitoc,PH,2024-01-24 10:12:33,15.7395,119.8769,78.58,78.58,76,44,6.44,scattered clouds
133,Ayr,GB,2024-01-24 10:12:33,55.4627,-4.6339,48.31,47.5,71,75,23.02,light rain
134,Georgetown,MY,2024-01-24 10:09:00,5.4112,100.3354,85.95,81.95,70,20,2.3,thunderstorm
135,Cabedelo,BR,2024-01-24 10:12:33,-6.9811,-34.8339,83.07,83.07,75,46,9.73,scattered clouds
136,Doha,QA,2024-01-24 10:11:08,25.2867,51.5333,80.58,80.58,21,0,10.36,clear sky
137,Saint-Philippe,RE,2024-01-24 10:10:39,-21.3585,55.7679,81.99,81.99,93,100,12.91,moderate rain
138,Mahebourg,MU,2024-01-24 10:12:33,-20.4081,57.7,82.26,82.26,86,100,11.74,overcast clouds
139,Varjota,BR,2024-01-24 10:12:33,-4.1944,-40.4767,76.3,76.3,84,67,3.6,broken clouds
140,Whitehorse,CA,2024-01-24 10:11:55,60.7161,-135.0538,0.3,-2.97,74,100,2.77,overcast clouds
141,Raudeberg,NO,2024-01-24 10:13:34,61.9875,5.1352,38.07,38.07,82,100,14.16,light rain
142,Usinsk,RU,2024-01-24 10:13:34,65.9939,57.5281,19.08,19.08,94,100,18.99,light snow
143,Qurayyat,SA,2024-01-24 10:13:34,31.3318,37.3428,62.78,62.78,36,75,12.66,broken clouds
144,Coihaique,CL,2024-01-24 10:13:34,-45.5752,-72.0662,56.01,55.35,88,75,0.0,broken clouds
145,Mount Gambier,AU,2024-01-24 10:11:22,-37.8333,140.7667,60.71,60.71,82,0,4.81,clear sky
146,Guerrero Negro,MX,2024-01-24 10:13:34,27.9769,-114.0611,59.52,59.52,82,13,12.35,few clouds
147,Tingo Maria,PE,2024-01-24 10:10:29,-9.2895,-76.0088,69.33,69.33,98,85,1.74,overcast clouds
148,Ancud,CL,2024-01-24 10:13:34,-41.8697,-73.8203,52.32,52.32,89,6,3.18,clear sky
149,Aginskoye,RU,2024-01-24 10:13:35,51.1,114.53,1.18,1.18,85,1,4.23,clear sky
150,Sorong,ID,2024-01-24 10:13:35,-0.8833,131.25,82.13,82.13,79,93,7.09,overcast clouds
151,Khatanga,RU,2024-01-24 10:13:09,71.9667,102.5,-41.19,-41.19,100,59,3.0,broken clouds
152,Kargasok,RU,2024-01-24 10:13:35,59.0556,80.8572,5.97,5.97,96,100,8.99,overcast clouds
153,Turukhansk,RU,2024-01-24 10:13:35,65.8167,87.9833,7.9,7.9,94,100,17.0,light snow
154,Nhulunbuy,AU,2024-01-24 10:13:35,-12.2333,136.7667,79.41,79.41,94,75,10.36,broken clouds
155,Morant Bay,JM,2024-01-24 10:13:35,17.8815,-76.4093,73.71,73.71,81,3,13.4,clear sky
156,Kenai,US,2024-01-24 10:12:30,60.5544,-151.2583,-5.91,-12.91,79,0,0.0,clear sky
157,Road Town,VG,2024-01-24 10:11:53,18.4167,-64.6167,75.29,75.29,79,22,26.02,light rain
158,Ostrovnoy,RU,2024-01-24 10:13:35,68.0531,39.5131,24.6,24.6,91,100,7.43,overcast clouds
159,Vieques,PR,2024-01-24 10:13:36,18.425,-65.8329,78.84,71.85,85,75,4.61,light rain
160,Thompson,CA,2024-01-24 10:13:36,55.7435,-97.8558,10.56,10.56,85,100,4.61,light snow
161,Fortuna,US,2024-01-24 10:13:36,40.5982,-124.1573,52.66,49.98,92,100,26.46,light rain
162,Chuy,UY,2024-01-24 10:13:36,-33.6971,-53.4616,67.19,67.19,70,0,5.79,clear sky
163,Kapaa,US,2024-01-24 10:13:36,22.0752,-159.319,76.98,73.47,78,100,18.41,overcast clouds
164,Saskylakh,RU,2024-01-24 10:13:36,71.9167,114.0833,-13.22,-13.22,97,100,9.66,overcast clouds
165,Klaksvik,FO,2024-01-24 10:10:00,62.2266,-6.589,41.92,41.92,80,87,39.62,overcast clouds
166,Vila Velha,BR,2024-01-24 10:13:36,-20.3297,-40.2925,73.35,71.94,94,100,5.01,heavy intensity rain
167,Truro,GB,2024-01-24 10:11:48,50.2653,-5.0544,52.56,46.83,83,100,13.8,overcast clouds
168,Nam Som,TH,2024-01-24 10:13:36,17.7704,102.1895,79.09,79.09,41,96,6.33,overcast clouds
169,Sao Joao Da Barra,BR,2024-01-24 10:13:37,-21.6403,-41.0511,69.89,69.89,94,100,9.35,overcast clouds
170,Lavrentiya,RU,2024-01-24 10:13:37,65.5833,-171.0,-21.98,-21.98,98,49,4.5,scattered clouds
171,Leningradskiy,RU,2024-01-24 10:13:37,69.3833,178.4167,-20.42,-20.42,79,96,6.04,overcast clouds
172,Banyo,CM,2024-01-24 10:13:37,6.75,11.8167,86.67,86.67,10,1,5.03,clear sky
173,Tiksi,RU,2024-01-24 10:13:37,71.6872,128.8694,-10.52,-10.52,98,100,3.83,overcast clouds
174,Coquimbo,CL,2024-01-24 10:08:37,-29.9533,-71.3436,63.12,63.12,88,7,1.86,clear sky
175,Soyo,AO,2024-01-24 10:13:37,-6.1349,12.3689,83.84,83.84,64,65,3.71,broken clouds
176,Delijan,IR,2024-01-24 10:13:37,33.9905,50.6838,58.87,58.87,23,1,20.33,clear sky
177,Codrington,AU,2024-01-24 10:13:37,-38.2667,141.9667,60.17,60.17,90,0,7.58,clear sky
178,Pravokumskoye,RU,2024-01-24 10:13:37,44.7694,44.6472,20.95,20.95,67,69,7.05,broken clouds
179,Vila Franca Do Campo,PT,2024-01-24 10:13:37,37.7167,-25.4333,64.89,64.81,99,100,15.59,light rain
180,Medicine Hat,CA,2024-01-24 10:13:38,50.0501,-110.6683,22.84,14.31,84,0,3.44,mist
181,Ryazanskaya,RU,2024-01-24 10:13:24,44.9553,39.5889,19.06,19.06,73,6,9.13,clear sky
182,Tres Arroyos,AR,2024-01-24 10:13:38,-38.3739,-60.2798,63.07,63.07,60,0,11.81,clear sky
183,Nizwa,OM,2024-01-24 10:09:58,22.9333,57.5333,81.32,81.32,23,0,7.76,clear sky
184,Pachino,IT,2024-01-24 10:13:38,36.7186,15.0907,57.11,57.11,50,21,10.07,few clouds
185,Telma,RU,2024-01-24 10:13:38,52.6983,103.7097,-4.76,-4.76,98,20,2.46,few clouds
186,Honiara,SB,2024-01-24 10:14:38,-9.4333,159.95,80.87,80.87,87,100,1.34,light rain
187,Riyadh,SA,2024-01-24 10:12:55,24.6877,46.7219,84.34,84.34,20,0,17.52,clear sky
188,Sur,OM,2024-01-24 10:14:38,22.5667,59.5289,77.14,77.14,51,0,6.98,clear sky
189,Gurupa,BR,2024-01-24 10:14:38,-1.405,-51.64,74.66,74.66,97,93,3.49,overcast clouds
190,Victoria,HK,2024-01-24 10:14:38,22.2855,114.1577,53.26,47.43,60,61,13.0,broken clouds
191,Peyima,SL,2024-01-24 10:14:39,8.7,-11.0333,82.98,82.98,20,5,1.79,clear sky
192,Makubetsu,JP,2024-01-24 10:14:39,45.3714,141.8211,22.82,22.82,90,100,17.0,light snow
193,Walvis Bay,NA,2024-01-24 10:14:39,-22.9575,14.5053,70.09,70.09,67,97,7.81,overcast clouds
194,Mazara Del Vallo,IT,2024-01-24 10:14:39,37.6641,12.588,60.75,57.54,57,12,10.94,few clouds
195,Zhezkazgan,KZ,2024-01-24 10:14:39,47.8043,67.7144,22.98,22.98,86,100,6.71,overcast clouds
196,Port Hardy,CA,2024-01-24 10:14:39,50.6996,-127.4199,48.2,46.58,81,100,20.71,light rain
197,Necochea,AR,2024-01-24 10:14:39,-38.5473,-58.7368,62.92,62.92,79,0,13.44,clear sky
198,Tutoia,BR,2024-01-24 10:14:39,-2.7619,-42.2744,81.68,81.68,74,21,12.03,few clouds
199,Ilanskiy,RU,2024-01-24 10:14:39,56.2358,96.065,1.6,1.6,93,98,2.1,overcast clouds
200,Cuautlapan,MX,2024-01-24 10:14:39,18.8667,-97.0333,62.28,62.28,66,7,5.7,clear sky
201,Biak,ID,2024-01-24 10:14:40,-0.9131,122.8766,77.77,77.77,82,100,4.21,moderate rain
202,Ozernovskiy,RU,2024-01-24 10:14:40,51.5,156.5167,31.8,31.8,77,100,13.56,overcast clouds
203,San Quintin,MX,2024-01-24 10:14:40,30.4833,-115.95,56.64,56.64,92,33,5.06,scattered clouds
204,Krasnovishersk,RU,2024-01-24 10:14:40,60.4078,57.082,15.76,15.76,94,100,9.06,light snow
205,Morros,BR,2024-01-24 10:14:40,-9.4467,-46.3003,75.4,75.4,87,99,3.31,overcast clouds
206,Maceio,BR,2024-01-24 10:10:08,-9.6658,-35.7353,81.84,81.84,78,0,6.91,clear sky
207,Ararat,AM,2024-01-24 10:14:40,39.8317,44.7049,32.34,32.34,96,100,11.14,snow
208,Atar,MR,2024-01-24 10:14:40,20.5169,-13.0499,66.67,66.67,23,100,21.77,overcast clouds
209,Kodinsk,RU,2024-01-24 10:14:40,58.6881,99.1844,-4.56,-4.56,100,84,2.62,broken clouds
210,Skelleftea,SE,2024-01-24 10:13:46,64.7507,20.9528,17.01,12.56,100,0,4.61,clear sky
211,Pangnirtung,CA,2024-01-24 10:14:40,66.1451,-65.7125,-31.68,-31.68,96,99,4.76,overcast clouds
212,Caborca,MX,2024-01-24 10:14:41,30.5838,-111.101,50.2,50.2,86,86,1.88,overcast clouds
213,Faanui,PF,2024-01-24 10:14:41,-16.4833,-151.75,82.36,82.36,78,55,8.39,light rain
214,Pitea,SE,2024-01-24 10:14:41,65.3172,21.4794,14.09,14.09,95,99,4.74,overcast clouds
215,Zhigansk,RU,2024-01-24 10:13:38,66.7697,123.3711,-8.05,-8.05,98,100,14.07,overcast clouds
216,Yeppoon,AU,2024-01-24 10:14:41,-23.1333,150.7333,82.18,82.18,77,100,21.92,overcast clouds
217,Mehamn,NO,2024-01-24 10:14:41,71.0357,27.8492,35.51,33.75,86,75,18.41,light snow
218,Polewali,ID,2024-01-24 10:14:41,-3.4324,119.3435,85.14,85.14,70,89,0.54,overcast clouds
219,Solnechnyy,RU,2024-01-24 10:14:41,50.7214,136.6319,-1.97,-1.97,79,98,8.1,overcast clouds
220,Brownsville,US,2024-01-24 10:14:41,25.9018,-97.4975,72.09,71.1,96,100,9.15,overcast clouds
221,Ketchikan,US,2024-01-24 10:14:42,55.3422,-131.6461,46.38,42.35,93,100,6.91,light rain
222,Svetlogorsk,BY,2024-01-24 10:14:42,52.6333,29.7333,33.42,33.42,100,100,13.2,overcast clouds
223,Gat,IL,2024-01-24 10:14:42,31.61,34.7642,56.39,56.08,59,14,17.27,few clouds
224,Sabha,LY,2024-01-24 10:14:42,27.0377,14.4283,55.47,55.47,41,0,11.61,clear sky
225,Bari Sadri,IN,2024-01-24 10:14:42,24.4167,74.4667,74.1,74.1,15,0,6.58,clear sky
226,Portland,US,2024-01-24 10:14:35,45.5234,-122.6762,47.21,40.75,91,100,7.0,light rain
227,Daru,PG,2024-01-24 10:14:42,-9.0763,143.2092,78.44,78.44,88,100,9.55,light rain
228,Eureka,US,2024-01-24 10:14:42,40.8021,-124.1637,52.93,50.25,90,100,11.01,overcast clouds
229,Souillac,MU,2024-01-24 10:14:42,-20.5167,57.5167,84.58,84.58,89,75,17.27,light rain
230,Juneau,US,2024-01-24 10:14:42,58.3019,-134.4197,35.1,28.4,100,100,0.0,light snow
231,Yerofey Pavlovich,RU,2024-01-24 10:14:43,53.9667,121.9667,-3.69,-3.69,100,59,2.86,broken clouds
232,Sao Filipe,CV,2024-01-24 10:14:44,14.8961,-24.4956,79.66,79.66,46,2,14.32,clear sky
233,Clyde River,CA,2024-01-24 10:14:44,70.4692,-68.5914,-20.69,-20.69,95,100,2.98,overcast clouds
234,Zalantun,CN,2024-01-24 10:15:44,48.0,122.7167,3.33,3.33,89,40,4.14,scattered clouds
235,Merrill,US,2024-01-24 10:15:44,45.1805,-89.6835,29.89,28.04,97,100,4.61,mist
236,Pombas,CV,2024-01-24 10:15:44,17.1503,-25.0201,73.18,73.18,69,20,8.25,few clouds
237,Khash,IR,2024-01-24 10:15:44,28.2211,61.2158,67.82,67.82,16,39,17.22,scattered clouds
238,Bosobolo,CD,2024-01-24 10:15:44,4.1833,19.9,99.68,99.68,15,72,1.99,broken clouds
239,Iqaluit,CA,2024-01-24 10:15:44,63.7506,-68.5145,-27.67,-27.67,68,40,0.0,scattered clouds
240,Sambava,MG,2024-01-24 10:15:44,-14.2667,50.1667,81.61,81.61,83,100,5.21,light rain
241,Alyangula,AU,2024-01-24 10:15:45,-13.8483,136.4192,79.54,79.54,90,100,7.81,overcast clouds
242,San Patricio,US,2024-01-24 10:15:45,28.017,-97.5169,70.16,64.24,98,100,3.65,overcast clouds
243,Atambua,ID,2024-01-24 10:15:45,-9.1061,124.8925,75.38,75.38,88,100,8.43,overcast clouds
244,Harper,LR,2024-01-24 10:15:45,4.375,-7.7169,83.88,83.88,72,13,8.3,light rain
245,Katsuura,JP,2024-01-24 10:15:45,35.1333,140.3,41.31,41.31,40,88,21.03,overcast clouds
246,Meulaboh,ID,2024-01-24 10:15:45,4.1363,96.1285,83.3,83.3,75,96,5.93,overcast clouds
247,Bosaso,SO,2024-01-24 10:15:45,11.2842,49.1816,80.01,80.01,55,3,13.85,clear sky
248,Port-Gentil,GA,2024-01-24 10:15:45,-0.7193,8.7815,81.77,81.77,77,73,4.0,light rain
249,San Benito,US,2024-01-24 10:15:46,36.6166,-121.0844,41.5,38.43,91,95,3.31,overcast clouds
250,Sola,VU,2024-01-24 10:15:46,-13.8833,167.55,84.22,84.22,78,99,13.47,overcast clouds
251,Rosetta,EG,2024-01-24 10:15:46,31.4044,30.4164,61.99,61.99,55,57,14.2,broken clouds
252,Lebu,CL,2024-01-24 10:15:46,-37.6167,-73.65,54.32,54.32,87,69,14.12,broken clouds
253,Saldanha,ZA,2024-01-24 10:11:09,-33.0117,17.9442,75.58,75.58,57,3,10.4,clear sky
254,Vardo,NO,2024-01-24 10:15:46,70.3705,31.1107,31.98,31.98,80,0,23.02,clear sky
255,Hofn,IS,2024-01-24 10:15:46,64.2539,-15.2082,28.42,28.42,80,75,4.61,broken clouds
256,Santa Maria,BR,2024-01-24 10:15:46,-29.6842,-53.8069,62.02,62.02,89,0,6.13,clear sky
257,Changli,CN,2024-01-24 10:15:46,39.7042,119.1506,28.04,28.04,34,0,4.43,clear sky
258,Zhurivka,UA,2024-01-24 10:12:51,50.5028,31.7849,32.88,32.88,99,99,10.29,overcast clouds
259,Casambalangan,PH,2024-01-24 10:15:47,18.3765,122.1274,70.36,70.36,80,100,14.63,overcast clouds
260,Moroni,KM,2024-01-24 10:15:47,-11.7022,43.2551,79.48,79.48,84,100,10.69,light rain
261,Cap Malheureux,MU,2024-01-24 10:15:47,-19.9842,57.6142,81.46,81.46,93,100,4.0,light rain
262,Zaysan,KZ,2024-01-24 10:15:47,47.4667,84.8667,7.65,7.65,88,13,2.42,few clouds
263,Pacific Grove,US,2024-01-24 10:15:47,36.6177,-121.9166,53.42,50.2,91,100,4.61,overcast clouds
264,Ferme-Neuve,CA,2024-01-24 10:15:47,46.7001,-75.4493,3.36,3.36,96,90,2.51,overcast clouds
265,Ilukste,LV,2024-01-24 10:15:47,55.9775,26.2966,34.41,34.41,91,100,12.21,light snow
266,Kanniyakumari,IN,2024-01-24 10:15:47,8.0833,77.5667,84.0,84.0,63,6,18.37,clear sky
267,Antofagasta,CL,2024-01-24 10:15:07,-23.65,-70.4,65.48,65.48,81,43,2.21,scattered clouds
268,Kharhial,IN,2024-01-24 10:15:48,20.2833,82.7667,81.03,81.03,49,79,3.74,broken clouds
269,Hobyo,SO,2024-01-24 10:15:48,5.3505,48.5268,83.39,83.39,64,5,20.71,clear sky
270,Quelimane,MZ,2024-01-24 10:15:48,-17.8786,36.8883,87.75,87.75,55,75,14.97,light rain
271,Cascais,PT,2024-01-24 10:15:48,38.6979,-9.4215,63.52,55.96,79,0,9.22,clear sky
272,Kupang,ID,2024-01-24 10:15:48,-10.1667,123.5833,84.78,84.78,84,75,11.5,broken clouds
273,Abay,KZ,2024-01-24 10:15:48,49.6311,72.8539,21.58,21.58,87,96,5.88,overcast clouds
274,Arlit,NE,2024-01-24 10:15:48,18.7369,7.3853,71.22,71.22,25,50,7.9,scattered clouds
275,Ust-Kuyga,RU,2024-01-24 10:15:48,70.0167,135.6,-15.7,-15.7,100,100,3.98,overcast clouds
276,Gigmoto,PH,2024-01-24 10:15:48,13.7796,124.39,77.02,77.02,87,77,18.12,broken clouds
277,Egvekinot,RU,2024-01-24 10:14:27,66.3167,-179.1667,-29.04,-29.04,83,39,5.08,scattered clouds
278,Leh,IN,2024-01-24 10:16:49,34.1667,77.5833,25.93,25.93,16,0,2.3,clear sky
279,Geraldton,AU,2024-01-24 10:16:49,-28.7667,114.6,75.61,75.61,60,0,29.93,clear sky
280,Severo-Kurilsk,RU,2024-01-24 10:16:49,50.6789,156.125,31.84,31.84,90,100,32.41,light snow
281,Sa Kaeo,TH,2024-01-24 10:16:49,13.75,102.3333,87.84,87.84,36,60,10.92,broken clouds
282,Dakar,SN,2024-01-24 10:15:14,14.6937,-17.4441,76.08,75.33,43,71,16.11,dust
283,Athens,GR,2024-01-24 10:13:42,37.9795,23.7162,54.25,48.09,61,20,12.66,few clouds
284,Talen,IN,2024-01-24 10:16:49,23.5667,76.7167,73.58,73.58,20,0,4.94,clear sky
285,Hami,CN,2024-01-24 10:16:49,42.8,93.45,17.13,17.13,55,1,4.63,clear sky
286,Vangaindrano,MG,2024-01-24 10:16:49,-23.35,47.6,81.93,81.93,61,77,15.39,broken clouds
287,Linares,CL,2024-01-24 10:16:49,-35.85,-71.6,57.2,57.2,70,1,3.2,clear sky
288,Flinders,AU,2024-01-24 10:16:49,-34.5833,150.8552,81.05,77.25,74,89,1.99,overcast clouds
289,Placido De Castro,BR,2024-01-24 10:16:50,-10.3353,-67.1856,72.7,72.7,95,100,2.19,overcast clouds
290,Samarai,PG,2024-01-24 10:12:46,-10.6167,150.6667,81.72,81.72,82,100,9.53,overcast clouds
291,Maloy,NO,2024-01-24 10:16:50,61.9353,5.1136,38.93,38.93,83,100,14.61,light rain
292,Bathsheba,BB,2024-01-24 10:16:50,13.2167,-59.5167,79.41,79.41,83,75,23.02,light rain
293,Zumarraga,PH,2024-01-24 10:16:50,11.6388,124.8417,79.03,79.03,72,35,11.16,scattered clouds
294,Selje,NO,2024-01-24 10:16:50,62.0459,5.351,39.97,37.99,84,100,10.69,light rain
295,Marsa Matruh,EG,2024-01-24 10:16:50,31.3525,27.2453,59.05,59.05,60,78,13.31,broken clouds
296,Caravelas,BR,2024-01-24 10:16:50,-17.7125,-39.2481,78.12,78.12,89,98,5.44,overcast clouds
297,Port Blair,IN,2024-01-24 10:14:41,11.6667,92.75,84.24,84.24,70,20,9.22,haze
298,Navlya,RU,2024-01-24 10:16:50,52.8281,34.4989,32.16,32.16,95,100,11.52,overcast clouds
299,Asau,RO,2024-01-24 10:16:50,46.4333,26.4,31.28,31.12,75,45,6.76,scattered clouds
300,Rocha,UY,2024-01-24 10:16:51,-34.4833,-54.3333,63.61,63.61,75,0,3.58,clear sky
301,Mayor Pablo Lagerenza,PY,2024-01-24 10:16:51,-19.9309,-60.7718,69.28,69.28,66,61,2.46,broken clouds
302,Tuatapere,NZ,2024-01-24 10:16:51,-46.1333,167.6833,49.28,49.28,81,64,2.33,broken clouds
303,Pahrump,US,2024-01-24 10:16:51,36.2083,-115.9839,42.85,42.26,87,4,2.15,clear sky
304,Nanortalik,GL,2024-01-24 10:16:51,60.1432,-45.2371,15.22,15.22,80,98,11.32,light snow
305,Margate,GB,2024-01-24 10:16:51,51.3813,1.3862,51.91,50.7,68,98,10.0,overcast clouds
306,Namatanai,PG,2024-01-24 10:16:51,-3.6667,152.4333,79.32,79.32,87,100,10.07,light rain
307,Rognan,NO,2024-01-24 10:16:51,67.0953,15.3878,31.87,30.34,80,100,8.52,overcast clouds
308,Eydhafushi,MV,2024-01-24 10:16:51,5.1033,73.0708,81.73,81.73,76,15,12.41,few clouds
309,Chokurdakh,RU,2024-01-24 10:16:52,70.6333,147.9167,-11.9,-11.9,96,100,7.87,overcast clouds
310,Vieste,IT,2024-01-24 10:16:52,41.8825,16.175,55.56,55.56,55,58,8.43,broken clouds
311,Hasaki,JP,2024-01-24 10:16:52,35.7333,140.8333,39.29,37.8,38,8,26.57,clear sky
312,Kautokeino,NO,2024-01-24 10:16:52,69.0125,23.0412,-0.71,-0.71,100,72,2.51,broken clouds
313,Nome,US,2024-01-24 10:16:52,64.5011,-165.4064,3.27,3.27,78,100,0.0,overcast clouds
314,Bitung,ID,2024-01-24 10:16:52,1.4451,125.1824,81.45,81.45,82,97,9.44,overcast clouds
315,Pitimbu,BR,2024-01-24 10:16:53,-7.4706,-34.8086,82.99,82.99,77,33,9.48,scattered clouds
316,Usogorsk,RU,2024-01-24 10:16:53,63.4106,48.6872,23.67,23.67,92,100,9.08,overcast clouds
317,Esperance,AU,2024-01-24 10:16:53,-33.8667,121.9,68.05,68.05,70,1,12.39,clear sky
318,Alvaraes,BR,2024-01-24 10:16:53,-3.2208,-64.8042,73.98,73.98,99,77,1.63,broken clouds
319,Kingman,US,2024-01-24 10:16:53,35.1894,-114.053,46.26,42.13,85,0,6.91,clear sky
320,Kununurra,AU,2024-01-24 10:16:53,-15.7667,128.7333,87.78,87.78,79,100,5.75,light rain
321,Olafsvik,IS,2024-01-24 10:25:32,64.8945,-23.7142,39.38,39.38,64,100,21.34,overcast clouds
322,Arman,RU,2024-01-24 10:25:32,59.7,150.1667,-20.76,-20.76,86,6,3.71,clear sky
323,Maniwaki,CA,2024-01-24 10:25:32,46.3834,-75.966,12.58,12.58,79,95,3.44,overcast clouds
324,Olinda,BR,2024-01-24 10:25:32,-8.0089,-34.8553,78.53,78.53,94,40,5.75,scattered clouds
325,Tazovskiy,RU,2024-01-24 10:25:32,67.4667,78.7,7.7,7.7,95,100,10.96,light snow
326,Berlevag,NO,2024-01-24 10:25:32,70.8578,29.0864,35.55,33.6,87,75,23.02,broken clouds
327,Bombay,IN,2024-01-24 10:22:46,19.0144,72.8479,84.18,80.49,30,20,10.36,smoke
328,Tynda,RU,2024-01-24 10:25:32,55.1667,124.7167,-8.19,-8.19,99,26,2.82,scattered clouds
329,Yeniseysk,RU,2024-01-24 10:25:33,58.4497,92.1703,0.95,0.95,99,100,3.0,overcast clouds
330,Anadyr,RU,2024-01-24 10:25:33,64.75,177.4833,-12.5,-12.5,77,0,11.18,clear sky
331,Tagab,AF,2024-01-24 10:25:33,34.855,69.6492,54.21,54.21,11,0,1.63,clear sky
332,Mana,GF,2024-01-24 10:25:33,5.6592,-53.7767,77.92,77.92,74,24,9.15,few clouds
333,Cururupu,BR,2024-01-24 10:25:33,-1.8283,-44.8683,77.63,77.63,92,73,3.27,broken clouds
334,Kavieng,PG,2024-01-24 10:25:33,-2.5744,150.7967,81.41,81.41,79,100,14.0,overcast clouds
335,Todos Santos,MX,2024-01-24 10:25:33,23.45,-110.2167,63.45,63.45,84,100,9.26,overcast clouds
336,Beloha,MG,2024-01-24 10:25:33,-25.1667,45.05,78.06,78.06,58,97,14.63,overcast clouds
337,Umuahia,NG,2024-01-24 10:25:33,5.5263,7.4896,90.55,90.55,46,85,3.38,overcast clouds
338,Belyy Yar,RU,2024-01-24 10:25:34,53.6039,91.3903,-5.91,-5.91,84,92,0.0,smoke
339,Provideniya,RU,2024-01-24 10:25:34,64.3833,-173.3,-8.07,-8.07,79,41,5.14,scattered clouds
340,Aksarka,RU,2024-01-24 10:25:34,66.5606,67.7975,-1.19,-1.19,100,88,2.21,overcast clouds
341,Gimli,CA,2024-01-24 10:25:34,50.6336,-96.9907,30.22,30.22,86,95,13.8,overcast clouds
342,Grindavik,IS,2024-01-24 10:25:34,63.8424,-22.4338,37.35,36.07,87,75,8.05,light rain
343,Isangel,VU,2024-01-24 10:25:34,-19.55,169.2667,79.32,79.32,84,100,8.88,overcast clouds
344,Saint-Pierre,RE,2024-01-24 10:24:15,-21.3393,55.4781,82.08,82.08,94,75,10.36,heavy intensity rain
345,Mafinga,TZ,2024-01-24 10:25:34,-7.25,35.0667,70.81,70.81,82,100,1.74,overcast clouds
346,Zambezi,ZM,2024-01-24 10:25:34,-13.5432,23.1047,76.75,76.75,74,91,8.25,moderate rain
347,Estevan,CA,2024-01-24 10:25:34,49.1334,-102.9842,19.74,15.22,86,0,6.91,clear sky
348,College,US,2024-01-24 10:25:34,64.8569,-147.8028,-36.45,-40.54,55,0,0.0,clear sky
349,Torbay,CA,2024-01-24 10:25:34,47.6666,-52.7314,5.58,3.38,72,20,33.38,few clouds
350,Bukama,CD,2024-01-24 10:25:35,-9.2,25.85,71.22,71.22,96,100,1.3,overcast clouds
351,Camargo,MX,2024-01-24 10:25:35,27.6667,-105.1667,47.57,47.57,78,62,2.51,broken clouds
352,Naze,JP,2024-01-24 10:25:35,28.3667,129.4833,50.92,50.92,69,100,18.97,overcast clouds
353,Bereda,ES,2024-01-24 10:25:35,43.2686,-7.5406,48.58,48.58,91,28,1.32,scattered clouds
354,Namibe,AO,2024-01-24 10:25:35,-15.1961,12.1522,78.98,78.98,63,4,9.86,clear sky
355,Ust-Tsilma,RU,2024-01-24 10:25:35,65.441,52.1498,23.61,23.61,89,99,8.99,overcast clouds
356,Korla,CN,2024-01-24 10:25:35,41.7597,86.1469,22.87,22.87,62,34,4.45,scattered clouds
357,Pevek,RU,2024-01-24 10:25:35,69.7008,170.3133,-25.56,-25.56,88,32,7.49,scattered clouds
358,Petropavlovsk-Kamchatskiy,RU,2024-01-24 10:23:07,53.0452,158.6483,21.45,19.99,85,75,6.71,broken clouds
359,Lagoa,PT,2024-01-24 10:25:36,39.05,-27.9833,59.36,59.36,88,100,11.23,overcast clouds
360,Serrinha,BR,2024-01-24 10:25:36,-11.6642,-39.0075,73.02,73.02,92,100,8.39,overcast clouds
361,Taltal,CL,2024-01-24 10:25:36,-25.4,-70.4833,66.38,66.38,86,61,1.14,broken clouds
362,Waverly,US,2024-01-24 10:25:36,42.7392,-84.6208,34.11,32.95,95,100,0.0,fog
363,Padang,ID,2024-01-24 10:25:36,-0.9492,100.3543,87.85,87.85,82,100,5.97,moderate rain
364,Lida,BY,2024-01-24 10:23:21,53.8833,25.2997,33.31,33.31,96,100,19.77,snow
365,Tikrit,IQ,2024-01-24 10:25:36,34.6071,43.6782,64.24,64.24,45,9,13.98,clear sky
366,Hirara,JP,2024-01-24 10:25:36,24.8,125.2833,57.47,57.06,58,75,17.27,broken clouds
367,Odesskoye,RU,2024-01-24 10:25:37,54.2111,72.9651,5.2,5.2,90,92,2.35,overcast clouds
368,Nouadhibou,MR,2024-01-24 10:26:37,20.931,-17.0347,67.98,67.98,30,63,19.57,sand
369,Gravdal,NO,2024-01-24 10:26:37,68.1214,13.5031,32.18,32.18,78,94,16.02,overcast clouds
370,Hvolsvollur,IS,2024-01-24 10:26:37,63.7533,-20.2243,41.67,41.67,72,100,9.86,overcast clouds
371,Inongo,CD,2024-01-24 10:26:37,-1.95,18.2667,82.11,82.11,64,12,4.12,few clouds
372,Mancio Lima,BR,2024-01-24 10:26:37,-7.6142,-72.8958,70.68,70.68,97,76,2.44,broken clouds
373,Kalulushi,ZM,2024-01-24 10:26:37,-12.8378,28.0919,74.77,74.77,63,64,8.08,broken clouds
374,Cavalcante,BR,2024-01-24 10:26:37,-13.7975,-47.4583,71.89,71.89,90,99,1.52,overcast clouds
375,Pisco,PE,2024-01-24 10:26:38,-13.7,-76.2167,73.45,71.02,88,100,2.3,overcast clouds
376,Suratgarh,IN,2024-01-24 10:26:38,29.3167,73.9,68.4,68.4,18,0,2.24,clear sky
377,Bandarbeyla,SO,2024-01-24 10:26:38,9.4942,50.8122,79.86,79.86,65,54,19.1,broken clouds
378,Iralaya,HN,2024-01-24 10:26:38,15.0,-83.2333,77.99,77.99,85,43,15.79,light rain
379,Conselheiro Pena,BR,2024-01-24 10:26:38,-19.1722,-41.4722,73.04,73.04,98,100,1.66,overcast clouds
380,Gazanjyk,TM,2024-01-24 10:26:38,39.2446,55.5154,36.39,36.39,94,100,8.77,overcast clouds
381,Domoni,KM,2024-01-24 10:26:38,-12.2569,44.5319,79.5,79.5,86,100,15.77,moderate rain
382,Savannah Bight,HN,2024-01-24 10:26:38,16.45,-85.85,79.56,79.56,79,5,22.17,light rain
383,Yar-Sale,RU,2024-01-24 10:26:39,66.8333,70.8333,-1.53,-1.53,100,91,6.24,overcast clouds
384,Bati,ET,2024-01-24 10:26:39,11.1833,40.0167,76.37,76.37,32,38,9.75,scattered clouds
385,Plettenberg Bay,ZA,2024-01-24 10:21:40,-34.0527,23.3716,75.06,75.06,60,0,11.27,clear sky
386,Awjilah,LY,2024-01-24 10:26:39,29.1081,21.2869,55.76,55.76,56,45,19.33,light rain
387,Comodoro Rivadavia,AR,2024-01-24 10:26:39,-45.8667,-67.5,66.06,66.06,48,0,10.36,clear sky
388,Rathcoole,IE,2024-01-24 10:26:39,53.2828,-6.4728,47.79,44.37,81,75,19.57,moderate rain
389,Constantine,DZ,2024-01-24 10:26:39,36.365,6.6147,49.41,49.41,76,0,3.44,clear sky
390,Tautira,PF,2024-01-24 10:26:39,-17.7333,-149.15,80.47,80.47,82,90,13.11,light rain
391,Wanning,CN,2024-01-24 10:26:39,18.8003,110.3967,61.86,61.86,84,100,14.18,overcast clouds
392,San Cristobal,VE,2024-01-24 10:26:39,7.7669,-72.225,72.93,66.38,73,72,2.57,broken clouds
393,Buala,SB,2024-01-24 10:26:39,-8.145,159.5921,81.91,81.91,84,100,6.91,moderate rain
394,Mecca,SA,2024-01-24 10:26:33,21.4267,39.8261,83.64,83.64,41,46,5.86,scattered clouds
395,Oranjemund,NA,2024-01-24 10:26:40,-28.55,16.4333,77.47,77.47,53,30,10.8,scattered clouds
396,Zhuhai,CN,2024-01-24 10:26:40,22.2769,113.5678,49.78,46.11,61,40,19.57,scattered clouds
397,Odweyne,SO,2024-01-24 10:26:40,9.4092,45.064,84.2,84.2,16,1,2.42,clear sky
398,Ajdabiya,LY,2024-01-24 10:26:40,30.7554,20.2263,61.52,61.52,53,77,19.64,broken clouds
399,Tchaourou,BJ,2024-01-24 10:26:40,8.8865,2.5975,89.76,89.76,38,1,3.78,clear sky
400,Pavlovskiy Posad,RU,2024-01-24 10:26:40,55.7847,38.6506,31.78,28.02,93,100,11.39,overcast clouds
401,Porbandar,IN,2024-01-24 10:26:40,21.6422,69.6093,85.98,85.98,30,0,3.44,smoke
402,Puerto Escondido,MX,2024-01-24 10:26:40,15.85,-97.0667,77.27,77.27,70,0,5.32,clear sky
403,Kastamonu,TR,2024-01-24 10:26:40,41.5,33.6667,30.22,30.22,40,0,2.53,clear sky
404,Praia Da Vitoria,PT,2024-01-24 10:26:41,38.7333,-27.0667,62.85,62.76,88,40,13.82,scattered clouds
405,Chifeng,CN,2024-01-24 10:22:14,42.2683,118.9636,16.05,16.05,74,6,5.88,clear sky
406,Butembo,CD,2024-01-24 10:26:41,0.15,29.2833,76.5,76.5,40,81,4.9,broken clouds
407,Verkhneuralsk,RU,2024-01-24 10:26:41,53.8769,59.2106,7.5,7.5,81,6,1.61,clear sky
408,Jaisalmer,IN,2024-01-24 10:26:41,26.9147,70.9181,73.11,73.11,12,0,1.52,clear sky
409,Yulara,AU,2024-01-24 10:26:41,-25.2406,130.9889,98.17,98.17,30,90,3.87,overcast clouds
410,Horsham,GB,2024-01-24 10:26:00,51.064,-0.3272,52.66,48.25,73,20,19.57,few clouds
411,Beboto,TD,2024-01-24 10:26:41,8.2668,16.939,93.51,93.51,7,20,6.62,few clouds
412,Pirogovo,RU,2024-01-24 10:26:41,56.7796,53.1495,14.65,9.86,88,93,8.99,overcast clouds
413,Fukue,JP,2024-01-24 10:26:41,32.6881,128.8419,39.56,39.56,60,75,17.27,broken clouds
414,Yamada,JP,2024-01-24 10:26:41,39.4667,141.95,33.87,33.87,60,50,15.48,scattered clouds
415,Lorengau,PG,2024-01-24 10:27:42,-2.0226,147.2712,79.12,79.12,85,100,12.82,light rain
416,Kruisfontein,ZA,2024-01-24 10:27:42,-34.0033,24.7314,83.88,83.88,35,0,17.49,clear sky
417,Okitipupa,NG,2024-01-24 10:27:42,6.5047,4.7839,92.39,92.39,48,10,2.17,clear sky
418,Borsa,RO,2024-01-24 10:27:42,47.6553,24.6633,29.35,29.35,91,61,6.2,broken clouds
419,Birjand,IR,2024-01-24 10:27:42,32.8663,59.2211,64.87,64.87,13,75,9.22,broken clouds
420,Waipawa,NZ,2024-01-24 10:27:42,-41.4122,175.5153,54.36,54.36,73,63,4.47,broken clouds
421,Dawei,MM,2024-01-24 10:27:42,14.0833,98.2,80.71,80.71,66,98,3.78,overcast clouds
422,Crestview,US,2024-01-24 10:27:42,30.7621,-86.5705,64.35,60.98,93,100,8.05,overcast clouds
423,Erzin,TR,2024-01-24 10:27:42,36.9559,36.2,54.73,54.73,40,0,4.7,clear sky
424,Tomatlan,MX,2024-01-24 10:27:42,19.9333,-105.25,66.2,66.2,90,89,2.57,overcast clouds
425,Port Macquarie,AU,2024-01-24 10:27:43,-31.4333,152.9167,69.89,69.89,70,45,12.53,scattered clouds
426,San Borja,BO,2024-01-24 10:27:43,-14.8167,-66.85,70.56,70.56,95,97,1.19,overcast clouds
427,Dudinka,RU,2024-01-24 10:27:43,69.4058,86.1778,-0.38,-7.33,97,96,8.01,overcast clouds
428,Makokou,GA,2024-01-24 10:27:43,0.5738,12.8642,90.52,90.52,42,1,3.62,clear sky
429,Milkovo,RU,2024-01-24 10:27:43,54.7167,158.6167,-0.08,-0.08,98,100,1.77,overcast clouds
430,Tessalit,ML,2024-01-24 10:27:43,20.1986,1.0114,70.9,70.9,20,81,25.72,broken clouds
431,Baykit,RU,2024-01-24 10:58:07,61.67,96.37,-12.69,-12.69,100,91,0.51,overcast clouds
432,Belaya Rechka,RU,2024-01-24 10:58:07,43.4381,43.535,18.03,18.03,93,100,4.47,mist
433,Dospat,BG,2024-01-24 10:58:07,41.65,24.1667,35.4,35.4,48,5,5.14,clear sky
434,Zhongshu,CN,2024-01-24 10:58:07,24.5167,103.7667,36.5,36.5,93,100,4.12,overcast clouds
435,Axim,GH,2024-01-24 10:58:07,4.8699,-2.2405,86.79,86.79,64,10,7.09,clear sky
436,Salym,RU,2024-01-24 10:58:08,60.0625,71.4789,13.1,13.1,80,33,9.84,scattered clouds
437,Galveston,US,2024-01-24 10:58:08,29.3669,-94.9669,64.06,60.96,92,100,16.11,heavy intensity rain
438,Hualmay,PE,2024-01-24 10:58:08,-11.0964,-77.6139,71.78,71.78,89,56,3.36,broken clouds
439,Mahanje,TZ,2024-01-24 10:58:08,-9.9333,35.3333,70.63,70.63,87,100,2.13,light rain
440,Nazret,ET,2024-01-24 10:58:08,8.55,39.2667,82.29,82.29,26,92,9.33,overcast clouds
441,Zatoka,UA,2024-01-24 10:58:08,46.0725,30.4654,39.69,39.69,68,91,6.67,overcast clouds
442,Sainte-Maxime,FR,2024-01-24 10:58:08,43.3,6.6333,63.75,59.02,55,100,4.68,overcast clouds
443,Bonthe,SL,2024-01-24 10:58:08,7.5264,-12.505,88.34,88.34,59,9,2.48,clear sky
444,Kyaikkami,MM,2024-01-24 10:58:08,16.08,97.5675,80.64,80.64,58,82,6.82,broken clouds
445,Hamilton,US,2024-01-24 10:58:08,39.1834,-84.5333,48.07,41.09,96,100,1.99,moderate rain
446,Bad Freienwalde,DE,2024-01-24 10:58:08,52.7873,14.0304,55.72,51.46,79,61,20.0,broken clouds
447,Penzance,GB,2024-01-24 10:55:37,50.1186,-5.5371,52.48,46.76,100,100,9.22,haze
448,Esmeraldas,BR,2024-01-24 10:58:09,-19.7625,-44.3139,70.74,66.51,93,100,4.14,overcast clouds
449,Pelym,RU,2024-01-24 10:58:09,61.0108,61.9978,19.78,19.78,91,100,7.83,overcast clouds
450,Kalundborg,DK,2024-01-24 10:58:09,55.6795,11.0886,46.33,41.02,85,100,35.12,overcast clouds
451,Vostok,RU,2024-01-24 10:58:09,46.4856,135.8833,-5.73,-5.73,99,100,5.28,overcast clouds
452,Maneromango,TZ,2024-01-24 10:58:09,-7.1988,38.7848,75.72,75.72,86,100,6.51,overcast clouds
453,Kanigiri,IN,2024-01-24 10:58:09,15.4,79.5167,87.31,87.31,41,33,7.9,scattered clouds
454,Sharan,RU,2024-01-24 10:58:09,54.8167,54.0,11.28,11.28,82,98,9.62,overcast clouds
455,Yambio,SS,2024-01-24 10:58:09,4.5721,28.3955,99.21,99.21,16,30,3.87,scattered clouds
456,Villa Bruzual,VE,2024-01-24 10:58:09,9.3328,-69.1208,73.35,73.35,82,100,3.18,overcast clouds
457,Novyy Yegorlyk,RU,2024-01-24 10:58:10,46.3927,41.8716,24.06,24.06,66,2,10.89,clear sky
458,Say,NE,2024-01-24 10:59:10,13.1007,2.3689,82.96,82.96,8,47,16.87,scattered clouds
459,Beira,MZ,2024-01-24 10:59:10,-19.8436,34.8389,87.89,87.89,66,40,16.11,scattered clouds
460,Sibut,CF,2024-01-24 10:59:10,5.718,19.0739,102.31,102.31,9,14,2.33,few clouds
461,Sile,TR,2024-01-24 10:59:10,41.1754,29.6133,49.57,45.27,58,96,1.99,overcast clouds
462,Quibdo,CO,2024-01-24 10:59:10,5.6947,-76.6611,75.74,75.74,99,90,0.69,overcast clouds
463,Ixtapa,MX,2024-01-24 10:59:10,20.7,-105.2,70.23,70.23,87,100,2.59,overcast clouds
464,Mangai,CD,2024-01-24 10:59:10,-4.05,19.5333,95.25,95.25,36,12,2.91,few clouds
465,Paso De Los Toros,UY,2024-01-24 10:59:10,-32.8167,-56.5167,67.59,67.59,66,0,12.55,clear sky
466,Pemberton,CA,2024-01-24 10:59:10,50.3164,-122.8027,43.57,43.57,98,100,3.2,overcast clouds
467,Mwene-Ditu,CD,2024-01-24 10:59:11,-7.0,23.45,79.52,79.52,62,86,5.53,overcast clouds
468,Kieta,PG,2024-01-24 10:59:11,-6.2167,155.6333,80.71,80.71,87,100,8.52,light rain
469,Teguldet,RU,2024-01-24 10:59:11,57.3064,88.1667,-1.41,-1.41,100,61,3.15,broken clouds
470,Pontianak,ID,2024-01-24 10:59:11,-0.0333,109.3333,80.58,79.99,88,40,4.61,scattered clouds
471,Ruwi,OM,2024-01-24 10:59:11,23.5996,58.5507,78.55,78.55,41,1,7.27,clear sky
472,Pingliang,CN,2024-01-24 10:59:11,35.5392,106.6861,20.89,20.89,29,22,4.23,few clouds
473,Rafaela,AR,2024-01-24 10:59:11,-31.2503,-61.4867,71.01,70.99,61,0,1.99,clear sky
474,Alice Springs,AU,2024-01-24 10:59:11,-23.7,133.8833,83.75,83.75,65,75,19.57,broken clouds
475,Haines Junction,CA,2024-01-24 10:59:11,60.7522,-137.5108,1.26,1.26,99,100,1.66,overcast clouds
476,Obo,CF,2024-01-24 10:59:11,5.3998,26.4869,98.47,98.47,12,45,5.19,scattered clouds
477,Umm Lajj,SA,2024-01-24 10:59:11,25.0213,37.2685,72.79,72.79,52,5,14.67,clear sky
478,Alpena,US,2024-01-24 10:59:12,45.0617,-83.4327,34.12,30.72,97,100,3.44,mist
479,Nushki,PK,2024-01-24 10:59:12,29.5542,66.0215,63.99,63.99,15,45,2.66,scattered clouds
480,Cabo San Lucas,MX,2024-01-24 10:59:12,22.8909,-109.9124,69.76,64.18,76,100,1.99,overcast clouds
481,Morondava,MG,2024-01-24 10:59:12,-20.2833,44.2833,85.73,85.73,70,51,14.83,broken clouds
482,Thai Binh,VN,2024-01-24 10:59:12,20.45,106.3333,52.63,52.63,59,100,6.31,overcast clouds
483,Ponta Do Sol,PT,2024-01-24 10:59:12,32.6667,-17.1,76.12,68.63,24,0,9.1,clear sky
484,Deloraine,AU,2024-01-24 10:59:12,-41.5333,146.6667,66.99,60.89,67,0,4.14,clear sky
485,Wajir,KE,2024-01-24 10:59:12,1.7471,40.0573,96.76,96.76,34,20,8.05,few clouds
486,Plouzane,FR,2024-01-24 10:58:06,48.3833,-4.6167,55.45,53.78,97,100,9.22,overcast clouds
487,Yurga,RU,2024-01-24 10:56:15,55.7231,84.8861,6.49,6.49,91,100,5.37,overcast clouds
488,Tiznit,MA,2024-01-24 10:59:12,29.5833,-9.5,71.67,71.67,11,75,6.58,broken clouds
489,Kasongo-Lunda,CD,2024-01-24 10:59:13,-6.4667,16.8167,91.56,91.56,38,9,1.68,clear sky
490,Siteki,SZ,2024-01-24 10:59:13,-26.45,31.95,71.42,71.42,48,77,7.16,broken clouds
491,Nara,JP,2024-01-24 10:55:25,34.6851,135.8049,36.77,27.81,35,95,9.86,overcast clouds
492,Broome,US,2024-01-24 10:59:13,42.2506,-75.833,35.89,33.01,92,100,3.0,moderate rain
493,Hay River,CA,2024-01-24 10:59:13,60.8156,-115.7999,-14.82,-16.64,76,75,6.91,broken clouds
494,Araripina,BR,2024-01-24 10:59:13,-7.5761,-40.4983,75.2,75.2,79,89,8.05,overcast clouds
495,Vermilion,US,2024-01-24 10:59:13,40.1667,-87.7506,38.55,36.52,97,100,6.02,light rain
496,Sinnamary,GF,2024-01-24 10:59:13,5.3833,-52.95,78.39,78.39,83,39,11.61,scattered clouds
497,Hendersonville,US,2024-01-24 10:59:13,36.3048,-86.62,59.38,51.8,92,100,1.01,light rain
498,Araouane,ML,2024-01-24 10:59:13,18.9048,-3.5265,75.67,75.67,20,88,19.26,overcast clouds
499,Norman Wells,CA,2024-01-24 10:59:14,65.282,-126.8329,-39.96,-39.96,67,20,0.0,few clouds
500,Tyukhtet,RU,2024-01-24 10:59:14,56.5389,89.3011,0.0,0.0,97,86,5.03,overcast clouds
501,Inhambane,MZ,2024-01-24 10:59:14,-23.865,35.3833,84.18,84.18,70,75,19.57,broken clouds
502,Bull Savanna,JM,2024-01-24 10:59:14,17.8868,-77.5902,71.4,71.4,77,0,11.36,clear sky
503,Tazmalt,DZ,2024-01-24 10:59:14,36.3868,4.3989,61.61,61.61,49,24,3.47,few clouds
504,Hambantota,LK,2024-01-24 11:00:14,6.1241,81.1185,86.34,86.34,74,20,6.91,few clouds
505,Tual,ID,2024-01-24 11:00:14,-5.6667,132.75,83.79,83.79,81,72,17.72,broken clouds
506,Sarangani,PH,2024-01-24 11:00:14,5.4033,125.4636,82.17,82.17,81,27,25.5,scattered clouds
507,Khed,IN,2024-01-24 11:00:14,17.7167,73.3833,86.99,86.99,25,37,9.78,scattered clouds
508,Oranjestad,AW,2024-01-24 11:00:14,12.524,-70.027,78.91,78.91,90,10,27.67,clear sky
509,Beyneu,KZ,2024-01-24 11:00:15,45.3167,55.2,21.07,21.07,77,100,8.19,overcast clouds
510,Sibu,MY,2024-01-24 11:00:15,2.3,111.8167,77.41,77.41,94,88,2.39,overcast clouds
511,Reconquista,AR,2024-01-24 11:00:15,-29.15,-59.65,69.53,69.53,80,6,8.05,clear sky
512,Goiatuba,BR,2024-01-24 11:00:15,-18.0125,-49.3547,71.78,71.78,90,31,2.44,scattered clouds
513,Yumen,CN,2024-01-24 11:00:16,40.2833,97.2,15.44,15.44,44,100,14.12,overcast clouds
514,Grand Gaube,MU,2024-01-24 11:00:16,-20.0064,57.6608,82.38,82.38,92,100,5.01,light rain
515,Shiyan,CN,2024-01-24 11:00:16,32.6475,110.7781,36.19,36.19,36,78,1.57,broken clouds
516,Ailigandi,PA,2024-01-24 11:00:17,9.2333,-78.0167,79.66,79.66,89,99,8.28,light rain
517,Itarema,BR,2024-01-24 11:00:17,-2.9248,-39.9167,83.79,83.79,68,23,10.89,few clouds
518,San Vicente,AR,2024-01-24 11:00:17,-26.6167,-54.1333,60.93,60.93,97,32,3.69,scattered clouds
519,Victor Harbor,AU,2024-01-24 11:00:17,-35.5667,138.6167,73.69,64.99,83,100,3.42,overcast clouds
520,Lucapa,AO,2024-01-24 11:00:17,-8.4192,20.7447,72.81,72.81,80,100,2.89,overcast clouds
521,Salta,AR,2024-01-24 11:00:17,-24.7859,-65.4117,67.57,67.57,88,25,2.01,scattered clouds
522,Kurayoshi,JP,2024-01-24 11:00:17,35.4333,133.8167,35.51,35.51,84,99,15.3,light rain
523,Sitka,US,2024-01-24 11:00:17,57.0531,-135.33,38.88,38.88,96,100,4.68,light rain
524,Wormeldange,LU,2024-01-24 11:00:18,49.6083,6.4058,54.28,51.17,76,40,21.85,scattered clouds
525,Concord,US,2024-01-24 11:00:18,37.978,-122.0311,53.82,50.76,92,100,3.0,overcast clouds
526,Hayden,US,2024-01-24 11:00:18,47.766,-116.7866,37.0,30.45,97,100,1.01,overcast clouds
527,Calbuco,CL,2024-01-24 11:00:18,-41.768,-73.1273,51.01,51.01,84,11,1.66,few clouds
528,Novouzensk,RU,2024-01-24 11:00:18,50.4592,48.1431,11.43,11.43,83,7,6.82,clear sky
529,Qadian,IN,2024-01-24 11:00:18,31.8178,75.3919,68.43,68.43,17,0,5.44,clear sky
530,Gusau,NG,2024-01-24 11:00:18,12.1628,6.6614,84.54,84.54,11,0,17.94,clear sky
531,Sokolo,ML,2024-01-24 11:00:18,14.7328,-6.1219,80.65,80.65,12,82,15.75,broken clouds
532,Bairiki,KI,2024-01-24 11:00:19,1.3292,172.9752,84.87,84.87,74,96,11.05,overcast clouds
533,Jalingo,NG,2024-01-24 11:00:19,8.8833,11.3667,93.97,93.97,8,0,7.83,clear sky
534,Cabrero,CL,2024-01-24 11:00:19,-37.0333,-72.4,60.67,60.67,57,21,8.99,few clouds
535,Seoul,KR,2024-01-24 10:56:51,37.5683,126.9778,22.39,20.64,44,0,13.8,clear sky
536,Muborak,UZ,2024-01-24 11:00:19,39.2553,65.1528,54.7,54.7,36,97,5.26,overcast clouds
537,Orange,US,2024-01-24 11:00:19,33.7,-117.7675,56.95,50.68,89,70,2.19,broken clouds
538,Paternion,AT,2024-01-24 11:00:19,46.7142,13.6361,53.46,52.23,64,51,4.7,broken clouds
539,Marigot,MF,2024-01-24 11:00:20,18.0667,-63.0833,77.04,76.75,76,18,24.34,light rain
540,Vanimo,PG,2024-01-24 11:00:20,-2.6741,141.3028,78.53,78.53,89,100,7.76,overcast clouds
541,Celestun,MX,2024-01-24 11:00:20,20.8667,-90.4,75.69,75.69,82,33,14.65,scattered clouds
542,Bilma,NE,2024-01-24 11:00:20,18.6853,12.9164,70.66,70.66,28,66,17.09,broken clouds
543,Dubbo,AU,2024-01-24 11:00:21,-32.25,148.6167,82.53,82.53,54,47,3.44,scattered clouds
544,Hays,US,2024-01-24 11:00:21,30.0502,-98.0336,57.27,50.34,92,100,2.17,moderate rain
545,Yarensk,RU,2024-01-24 11:00:21,62.1675,49.0916,23.32,23.32,95,100,6.85,overcast clouds
546,Esfarayen,IR,2024-01-24 11:00:12,37.0765,57.5101,51.13,51.13,43,94,4.21,overcast clouds
547,Dunedin,NZ,2024-01-24 11:00:21,-45.8742,170.5036,50.81,50.81,95,45,2.73,scattered clouds
548,Puerto Baquerizo Moreno,EC,2024-01-24 11:00:20,-0.9,-89.6,76.8,76.8,88,67,7.9,broken clouds
549,Ulladulla,AU,2024-01-24 11:00:21,-35.35,150.4667,77.77,77.77,72,76,5.91,broken clouds
550,Kahului,US,2024-01-24 11:00:21,20.8947,-156.47,76.84,67.3,79,80,8.99,broken clouds
551,Bundaberg,AU,2024-01-24 11:00:22,-24.85,152.35,80.22,80.22,81,36,4.0,scattered clouds
552,Carora,VE,2024-01-24 11:01:22,10.1755,-70.0827,68.95,68.95,91,96,3.87,overcast clouds
553,Kinshasa,CD,2024-01-24 11:01:22,-4.3246,15.3215,91.17,91.17,48,9,3.53,clear sky
554,Clarence Town,AU,2024-01-24 11:01:22,-32.5833,151.7833,80.51,73.85,66,17,4.7,light rain
555,Puerto Maldonado,PE,2024-01-24 11:01:22,-12.6,-69.1833,74.03,74.03,100,100,0.43,overcast clouds
556,Wahiawa,US,2024-01-24 11:01:22,21.5028,-158.0236,73.2,68.77,82,99,12.41,overcast clouds
557,Ilave,PE,2024-01-24 11:01:22,-16.0833,-69.6667,46.62,46.62,85,100,3.18,overcast clouds
558,Ahar,IR,2024-01-24 11:01:22,38.4774,47.0699,24.62,24.62,91,100,7.47,snow
559,Kysyl-Syr,RU,2024-01-24 11:01:22,63.8986,122.7617,-11.85,-11.85,100,84,3.67,broken clouds
560,Uramita,CO,2024-01-24 11:01:23,6.8994,-76.1742,69.21,69.21,93,40,3.04,scattered clouds
561,Maarianhamina,AX,2024-01-24 11:01:23,60.0973,19.9348,33.66,32.83,93,100,11.5,light rain and snow
562,Lovozero,RU,2024-01-24 11:00:17,68.005,35.0117,26.96,26.96,92,100,14.76,light snow
563,General Pico,AR,2024-01-24 11:01:23,-35.6566,-63.7568,68.65,68.65,45,0,14.14,clear sky
564,Mabaruma,GY,2024-01-24 11:01:23,8.2,-59.7833,70.39,70.39,92,8,1.39,clear sky
565,Boca Do Acre,BR,2024-01-24 11:01:23,-8.7522,-67.3978,74.53,74.53,92,92,2.28,overcast clouds
566,Kloulklubed,PW,2024-01-24 11:01:23,7.0419,134.2556,81.1,81.1,80,100,22.41,overcast clouds
567,Mount Pleasant,US,2024-01-24 11:01:23,32.7941,-79.8626,64.02,59.0,96,100,3.0,mist
568,Santiago Del Estero,AR,2024-01-24 11:01:24,-27.7951,-64.2615,69.06,69.06,56,0,5.55,clear sky
569,Jiaxing,CN,2024-01-24 11:01:24,30.7522,120.75,30.81,30.81,52,0,5.91,clear sky
570,Tarko-Sale,RU,2024-01-24 11:01:24,64.9225,77.785,13.64,13.64,94,100,14.81,light snow
571,Porto Novo,BJ,2024-01-24 11:00:54,6.4965,2.6036,92.8,92.8,46,20,4.79,few clouds
572,Koulikoro,ML,2024-01-24 11:01:24,14.0,-7.75,82.6,82.6,11,51,15.97,broken clouds
573,Teya,RU,2024-01-24 11:01:24,60.3778,92.6267,2.07,2.07,99,99,4.29,overcast clouds
574,Nabire,ID,2024-01-24 11:01:24,-3.3667,135.4833,79.56,79.56,89,100,2.28,overcast clouds
575,Abu Samrah,SY,2024-01-24 11:01:24,35.3029,37.1841,58.15,58.15,59,36,21.74,scattered clouds
576,Barcelos,PT,2024-01-24 11:01:25,41.5388,-8.6151,63.91,61.68,73,0,3.06,clear sky
577,Rosario,AR,2024-01-24 10:57:45,-32.9468,-60.6393,72.25,67.91,47,0,8.05,clear sky
578,Den Chai,TH,2024-01-24 11:01:25,17.9837,100.0522,81.05,77.94,50,62,3.49,broken clouds
579,Mahon,ES,2024-01-24 11:00:50,39.8885,4.2658,64.96,64.96,63,0,4.61,clear sky
580,Mingshui,CN,2024-01-24 11:01:25,36.7167,117.5,28.02,28.02,43,24,2.17,few clouds
581,Maragogi,BR,2024-01-24 11:01:25,-9.0122,-35.2225,84.65,84.65,65,46,11.34,scattered clouds
582,Qasigiannguit,GL,2024-01-24 11:01:25,68.8193,-51.1922,8.85,8.85,100,100,5.06,overcast clouds
583,Aykhal,RU,2024-01-24 11:01:25,66.0,111.5,-13.5,-13.5,100,96,4.16,overcast clouds
584,Yerbogachen,RU,2024-01-24 11:01:25,61.2767,108.0108,-5.91,-5.91,99,47,6.31,scattered clouds
585,Salinopolis,BR,2024-01-24 11:01:25,-0.6136,-47.3561,81.1,81.1,84,38,11.41,scattered clouds
586,Matara,LK,2024-01-24 11:01:25,5.9485,80.5353,81.7,81.7,68,70,8.05,broken clouds
587,Khandyga,RU,2024-01-24 11:01:26,62.6667,135.6,-3.23,-3.23,98,100,4.18,light snow
588,Melfi,IT,2024-01-24 11:00:48,40.9965,15.6514,51.98,51.98,40,55,4.32,broken clouds
589,Shelburne,CA,2024-01-24 11:01:26,44.0787,-80.2041,31.77,27.9,98,100,4.85,overcast clouds
590,Vakhtan,RU,2024-01-24 11:01:26,57.9659,46.6889,22.5,22.5,94,100,8.01,overcast clouds
591,Tyukalinsk,RU,2024-01-24 11:01:27,55.8732,72.1967,1.85,1.85,93,43,2.77,scattered clouds
592,Churapcha,RU,2024-01-24 11:01:27,62.0025,132.4325,-2.06,-2.06,98,100,4.18,overcast clouds
593,Zhanaozen,KZ,2024-01-24 11:01:27,43.3,52.8,24.67,24.67,40,24,8.01,few clouds
594,Elizabeth City,US,2024-01-24 11:01:27,36.2946,-76.2511,49.01,44.04,90,100,5.06,overcast clouds
595,Garissa,KE,2024-01-24 11:01:27,-0.4536,39.6401,95.92,95.92,32,83,8.68,broken clouds
596,Poya,NC,2024-01-24 11:02:27,-21.35,165.15,79.18,79.18,86,100,6.06,overcast clouds
597,Nagua,DO,2024-01-24 11:02:27,19.3832,-69.8474,73.45,73.45,94,75,4.61,light rain
598,Athmallik,IN,2024-01-24 11:02:27,20.7219,84.5348,73.02,73.02,77,93,2.95,overcast clouds
599,Narsaq,GL,2024-01-24 11:02:28,60.9167,-46.05,7.02,7.02,89,78,5.12,broken clouds
600,La Asuncion,VE,2024-01-24 11:02:28,11.0333,-63.8628,76.73,76.73,94,11,5.75,few clouds
601,Jiazi,CN,2024-01-24 11:02:28,22.8779,116.067,50.99,50.99,44,45,9.22,scattered clouds
602,Zaraza,VE,2024-01-24 11:02:28,9.3503,-65.3245,68.36,68.36,94,57,3.2,broken clouds
603,Kalcheva,UA,2024-01-24 11:02:28,45.7374,28.8141,39.42,39.42,71,62,5.79,broken clouds
604,Sept-Iles,CA,2024-01-24 11:02:28,50.2001,-66.3821,-7.65,-7.65,87,76,5.99,broken clouds
605,Puerto Penasco,MX,2024-01-24 11:02:28,31.3167,-113.5333,57.9,57.9,89,11,1.01,few clouds
606,Balud,PH,2024-01-24 11:02:28,10.1476,123.6953,81.9,81.9,77,16,10.02,few clouds
607,Avera,US,2024-01-24 11:02:28,33.194,-82.5271,55.38,50.56,98,100,6.11,overcast clouds
608,Ocos,GT,2024-01-24 11:02:28,14.5094,-92.1933,75.94,75.94,79,1,5.66,clear sky
609,Kichera,RU,2024-01-24 11:02:29,55.9375,110.0997,0.63,0.63,95,99,1.72,overcast clouds
610,Sandpoint,US,2024-01-24 11:02:29,48.2766,-116.5533,39.72,32.94,96,100,0.0,fog
611,Sao Francisco,BR,2024-01-24 11:02:29,-15.9486,-44.8644,72.88,72.88,95,97,2.08,overcast clouds
612,Ca Mau,VN,2024-01-24 11:02:29,9.1769,105.15,79.81,79.81,68,44,15.7,scattered clouds
613,Agirish,RU,2024-01-24 11:02:29,61.9247,63.0231,17.58,17.58,91,100,7.61,overcast clouds
614,Wad Madani,SD,2024-01-24 11:02:29,14.4012,33.5199,91.72,91.72,18,36,10.29,scattered clouds
615,Chabahar,IR,2024-01-24 10:58:49,25.2919,60.643,75.83,75.83,49,18,10.65,few clouds
616,Oriximina,BR,2024-01-24 11:02:29,-1.7656,-55.8661,76.12,76.12,91,91,3.2,overcast clouds
617,Calvinia,ZA,2024-01-24 11:02:29,-31.4707,19.776,96.01,96.01,12,2,15.99,clear sky
618,Benjamin Constant,BR,2024-01-24 11:02:29,-4.3831,-70.0311,75.25,75.25,94,75,1.14,mist
619,Sengiley,RU,2024-01-24 11:02:30,53.9622,48.7944,20.77,20.32,79,94,11.74,light snow
620,Dickinson,US,2024-01-24 11:02:30,29.4608,-95.0513,63.16,60.13,95,100,10.36,thunderstorm with heavy rain
621,Impfondo,CG,2024-01-24 11:02:30,1.6381,18.0667,104.83,104.83,16,17,2.95,few clouds
622,Port Hedland,AU,2024-01-24 11:02:30,-20.3167,118.5667,84.25,84.25,79,91,19.57,overcast clouds
623,Otorohanga,NZ,2024-01-24 11:02:30,-38.1833,175.2,57.18,55.33,77,99,5.21,overcast clouds
624,Ahuimanu,US,2024-01-24 11:02:30,21.4447,-157.8378,76.19,71.76,77,98,5.99,overcast clouds
625,Aktas,KZ,2024-01-24 11:02:30,49.7789,72.9608,22.75,22.75,89,95,5.06,overcast clouds
626,Alihe,CN,2024-01-24 11:02:31,50.5667,123.7167,-1.35,-1.35,98,27,2.57,scattered clouds
627,Adrar,MR,2024-01-24 11:02:31,20.5022,-10.0711,63.68,63.68,31,100,23.44,overcast clouds
628,Vila,PT,2024-01-24 11:02:31,42.0304,-8.1588,41.88,41.88,65,1,2.26,clear sky
629,Ayan,RU,2024-01-24 11:02:32,56.45,138.1667,-7.08,-7.08,83,10,5.41,clear sky
630,Kambove,CD,2024-01-24 11:02:32,-10.8764,26.5969,71.94,71.94,85,69,4.21,moderate rain
631,Laguna,US,2024-01-24 11:02:32,38.421,-121.4238,53.76,51.08,94,100,9.22,overcast clouds
632,Graaff-Reinet,ZA,2024-01-24 11:02:33,-32.2522,24.5308,87.93,87.93,39,1,12.21,clear sky
633,Bowen,AU,2024-01-24 11:02:33,-20.0167,148.2333,82.74,82.74,72,100,19.04,overcast clouds
634,Kontagora,NG,2024-01-24 11:02:33,10.3999,5.4695,91.72,91.72,7,0,7.99,clear sky
635,Buena Vista,US,2024-01-24 11:02:33,43.4203,-83.8986,34.09,31.95,96,100,2.3,fog
636,Shenjiamen,CN,2024-01-24 11:02:33,29.9576,122.298,37.9,37.9,45,0,16.22,clear sky
637,Lasa,IT,2024-01-24 11:02:33,46.6166,10.7002,38.7,38.7,98,61,8.39,broken clouds
638,Aleksandrov Gay,RU,2024-01-24 11:02:33,50.147,48.5704,11.91,11.91,84,7,6.04,clear sky
639,Saint-Denis,FR,2024-01-24 11:02:01,48.9167,2.3333,57.36,54.37,75,75,19.57,broken clouds
640,Auki,SB,2024-01-24 11:02:34,-8.7676,160.7034,80.01,80.01,87,99,4.09,moderate rain
641,Castelo Do Piaui,BR,2024-01-24 11:02:34,-5.3222,-41.5525,80.02,80.02,70,58,6.11,broken clouds
642,Rapid Valley,US,2024-01-24 11:02:34,44.0625,-103.1463,38.14,28.44,77,100,7.0,overcast clouds
643,Bouna,CI,2024-01-24 11:03:34,9.2667,-3.0,92.8,92.8,13,16,9.84,few clouds
644,Aloleng,PH,2024-01-24 11:03:34,16.1307,119.7824,78.69,78.69,70,24,12.08,few clouds
645,Schoneiche,DE,2024-01-24 11:03:34,52.4667,13.6833,53.01,49.98,76,20,29.93,few clouds
646,Ucluelet,CA,2024-01-24 10:59:49,48.9329,-125.5528,46.09,46.09,92,100,1.01,light rain
647,Westport,US,2024-01-24 11:03:34,41.1415,-73.3579,38.08,33.22,86,100,8.05,light rain
648,Sioux Lookout,CA,2024-01-24 11:03:34,50.1001,-91.917,26.98,26.98,94,100,9.8,overcast clouds
649,Changji,CN,2024-01-24 11:03:35,44.0167,87.3167,7.59,7.59,72,35,2.24,smoke
650,Ipixuna,BR,2024-01-24 11:03:35,-1.7625,-48.8043,76.75,76.75,95,91,4.12,overcast clouds
651,Kolpashevo,RU,2024-01-24 11:03:34,58.3131,82.9089,5.11,5.11,93,92,5.01,overcast clouds
652,Zhicheng,CN,2024-01-24 11:03:35,30.2956,111.5047,37.17,37.17,42,85,3.89,overcast clouds
653,Roald,NO,2024-01-24 11:03:35,62.5833,6.1333,44.1,38.32,81,75,8.05,broken clouds
654,Flin Flon,CA,2024-01-24 11:03:35,54.7682,-101.865,3.34,3.34,98,84,4.9,broken clouds
655,Wawa,NG,2024-01-24 11:03:35,9.9022,4.4192,90.05,90.05,11,0,4.65,clear sky
656,Venancio Aires,BR,2024-01-24 11:01:44,-29.6064,-52.1919,71.26,68.22,79,6,4.56,clear sky
657,Zhaotong,CN,2024-01-24 11:03:35,27.3167,103.7167,24.96,24.96,86,99,7.65,overcast clouds
658,Natal,BR,2024-01-24 11:00:14,-5.795,-35.2094,84.85,84.85,65,75,11.5,broken clouds
659,Novoagansk,RU,2024-01-24 11:03:35,61.9449,76.6625,15.66,15.66,79,100,14.9,overcast clouds
660,Muros,ES,2024-01-24 11:03:36,42.7762,-9.0603,56.84,56.84,96,3,3.65,clear sky
661,Mikhaylovka,RU,2024-01-24 11:03:36,50.06,43.2379,18.79,16.7,79,66,10.47,broken clouds
662,Canutama,BR,2024-01-24 11:03:36,-6.5339,-64.3831,74.82,74.82,98,99,1.7,overcast clouds
663,Karratha,AU,2024-01-24 11:03:36,-20.7377,116.8463,83.35,83.35,72,100,13.06,overcast clouds
664,Lydenburg,ZA,2024-01-24 11:03:36,-25.0978,30.4597,81.45,81.45,39,38,0.85,scattered clouds
665,Iberia,US,2024-01-24 11:03:36,29.9502,-91.7507,71.67,66.96,100,100,18.41,overcast clouds
666,Mackenzie,CA,2024-01-24 11:03:36,55.2999,-123.1698,30.42,30.42,100,100,6.91,mist
667,Port Augusta,AU,2024-01-24 11:03:37,-32.5,137.7667,86.56,86.56,40,100,7.25,overcast clouds
668,Yantal,RU,2024-01-24 11:03:37,56.8471,105.2542,6.04,6.04,96,100,4.68,overcast clouds
669,Gao,ML,2024-01-24 11:03:37,16.6362,1.637,79.03,79.03,18,68,23.35,broken clouds
670,Coos Bay,US,2024-01-24 11:03:37,43.3665,-124.2179,51.15,49.23,93,100,8.05,overcast clouds
671,Bhadasar,IN,2024-01-24 11:03:37,28.2833,74.3167,68.94,68.94,14,0,4.72,clear sky
672,Hovd,MN,2024-01-24 11:03:37,48.0056,91.6419,-5.17,-5.17,91,3,0.25,clear sky
673,Kosh-Agach,RU,2024-01-24 11:03:37,50.0,88.6667,-9.69,-9.69,77,5,1.01,clear sky
674,Melilla,ES,2024-01-24 11:00:14,35.2937,-2.9383,64.78,64.78,48,0,5.75,clear sky
675,Katobu,ID,2024-01-24 11:03:37,-4.9408,122.5276,76.44,76.44,93,100,5.39,heavy intensity rain
676,Kendari,ID,2024-01-24 11:01:19,-3.945,122.4989,77.74,77.74,92,100,4.14,overcast clouds
677,Honiton,GB,2024-01-24 11:03:37,50.7996,-3.189,53.1,49.42,82,20,13.8,few clouds
678,Akropong,GH,2024-01-24 11:03:38,5.9746,-0.0854,88.14,88.14,44,9,5.17,clear sky
679,Formosa Do Rio Preto,BR,2024-01-24 11:03:38,-11.0483,-45.1931,73.85,73.85,93,98,2.57,overcast clouds
680,Betare Oya,CM,2024-01-24 11:03:38,5.6,14.0833,93.2,93.2,10,0,5.68,clear sky
681,Chipinge,ZW,2024-01-24 11:03:38,-20.1883,32.6236,75.7,75.7,48,46,8.66,scattered clouds
682,Bagdarin,RU,2024-01-24 11:03:38,54.4333,113.6,-2.79,-2.79,97,53,3.58,broken clouds
683,Aguascalientes,MX,2024-01-24 11:03:36,21.8833,-102.3,46.35,46.35,81,75,0.0,broken clouds
684,Timberlake,US,2024-01-24 11:03:38,37.3207,-79.2575,45.81,37.99,96,100,0.0,mist
685,Dharchula,IN,2024-01-24 11:03:38,29.85,80.5333,57.22,57.22,32,57,5.7,broken clouds
686,Sao Jose Da Coroa Grande,BR,2024-01-24 11:03:38,-8.8978,-35.1478,84.09,84.09,67,43,11.16,scattered clouds
687,Yingcheng,CN,2024-01-24 11:03:38,30.95,113.55,36.73,36.73,38,91,1.68,overcast clouds
688,Pringsewu,ID,2024-01-24 11:03:38,-5.3582,104.9744,80.17,80.17,80,100,5.59,overcast clouds
689,Henderson,US,2024-01-24 11:01:07,36.0397,-114.9819,50.97,44.33,74,0,10.36,clear sky
690,Talnakh,RU,2024-01-24 11:04:39,69.4865,88.3972,-5.96,-5.96,96,98,8.57,overcast clouds
691,Tigil,RU,2024-01-24 11:04:39,57.8,158.6667,-4.65,-4.65,96,95,1.88,overcast clouds
692,Redmond,US,2024-01-24 11:01:28,47.674,-122.1215,46.67,40.08,93,100,4.0,overcast clouds
693,Kabare,CD,2024-01-24 11:04:39,-2.4683,28.8242,72.27,72.27,74,87,3.13,moderate rain
694,Agadez,NE,2024-01-24 11:04:39,19.75,10.25,64.78,64.78,31,64,16.91,broken clouds
695,Yauya,PE,2024-01-24 11:04:39,-8.9833,-77.3,51.24,51.24,80,97,2.06,overcast clouds
696,Cayenne,GF,2024-01-24 11:04:39,4.9333,-52.3333,80.64,80.64,78,0,4.61,clear sky
697,Saint Anthony,US,2024-01-24 11:04:39,45.0205,-93.218,32.25,29.52,93,100,6.91,mist
698,Vieux-Habitants,GP,2024-01-24 11:04:40,16.0589,-61.7659,78.37,77.72,77,58,10.45,broken clouds
699,Lilongwe,MW,2024-01-24 11:03:15,-13.9669,33.7873,74.3,74.3,67,91,9.57,overcast clouds
700,Lethem,GY,2024-01-24 11:04:40,3.3803,-59.7968,74.88,74.88,73,35,11.56,scattered clouds
701,Luanda,AO,2024-01-24 10:59:44,-8.8368,13.2343,87.8,87.8,67,20,9.22,few clouds
702,Ha Giang,VN,2024-01-24 11:04:40,22.8333,104.9833,48.56,48.56,90,100,0.34,overcast clouds
703,Rezekne,LV,2024-01-24 11:00:14,56.5,27.3167,33.21,33.21,94,100,14.36,light snow
704,Lebedyn,UA,2024-01-24 11:04:14,50.5852,34.4849,31.6,31.6,96,100,13.27,light snow
705,Adamovka,RU,2024-01-24 11:04:40,51.5223,59.9396,9.57,9.57,94,96,3.98,overcast clouds
706,Dutlwe,BW,2024-01-24 11:04:40,-23.9833,23.9,89.67,89.67,26,10,10.07,clear sky
707,Kem,RU,2024-01-24 11:04:40,64.9555,34.5793,22.26,22.26,92,49,9.98,scattered clouds
708,Batemans Bay,AU,2024-01-24 11:04:40,-35.7167,150.1833,74.5,74.5,64,32,4.16,scattered clouds
709,Palauig,PH,2024-01-24 11:04:41,15.435,119.9045,78.57,78.57,74,73,6.22,broken clouds
710,Huilong,CN,2024-01-24 11:04:41,31.8111,121.655,32.16,32.16,56,90,9.4,overcast clouds
711,Te Anau,NZ,2024-01-24 11:04:41,-45.4167,167.7167,43.92,43.92,88,24,0.81,few clouds
712,Beni Suef,EG,2024-01-24 11:04:41,29.0731,31.0979,63.48,63.48,37,13,8.75,few clouds
713,Deyang,CN,2024-01-24 11:04:41,31.1302,104.382,39.52,39.52,52,95,2.89,overcast clouds
714,Vincennes,FR,2024-01-24 11:04:41,48.85,2.4333,57.15,53.78,75,75,20.0,broken clouds
715,Rawson,AR,2024-01-24 11:04:41,-43.3002,-65.1023,73.94,73.94,39,33,11.65,scattered clouds
716,Sobolevo,RU,2024-01-24 11:04:41,54.4299,31.8996,33.22,32.52,98,100,13.91,overcast clouds
717,Oneonta,US,2024-01-24 11:04:42,42.4529,-75.0638,37.11,33.8,74,100,6.15,light snow
718,Alta Floresta,BR,2024-01-24 11:04:42,-9.8756,-56.0861,73.02,73.02,99,100,2.08,overcast clouds
719,Nancha,CN,2024-01-24 11:04:42,47.1333,129.2667,-10.21,-10.21,98,7,3.65,clear sky
720,Boa Vista,BR,2024-01-24 11:04:42,2.8197,-60.6733,76.98,76.98,69,0,17.27,clear sky
721,Elko,US,2024-01-24 11:04:42,41.0002,-115.5012,28.63,22.75,91,50,3.0,scattered clouds
722,Linxia,CN,2024-01-24 11:04:42,35.6003,103.2064,16.18,16.18,68,28,2.04,scattered clouds
723,Taunggyi,MM,2024-01-24 11:00:21,20.7833,97.0333,60.67,60.67,43,28,5.1,scattered clouds
